NYSE,GM,General Motors Company,GM - General Motors Company
NYSE,GM WS A,General Motors Company,GM WS A - General Motors Company
NYSE,GM WS B,General Motors Company,GM WS B - General Motors Company
NYSE,GM^B,General Motors Company,GM^B - General Motors Company
NYSE,GSI,General Steel Holdings Inc,GSI - General Steel Holdings Inc
NYSE,GCO,Genesco Inc,GCO - Genesco Inc
NYSE,GWR,Genesee and Wyoming Inc,GWR - Genesee and Wyoming Inc
NYSE,GEL,Genesis Energy LP,GEL - Genesis Energy LP
NYSE,GEN           ,GenOn Energy Inc,GEN            - GenOn Energy Inc
NYSE,G,Genpact Limited,G - Genpact Limited
NYSE,GPC,Genuine Parts Company,GPC - Genuine Parts Company
NYSE,GNW,Genworth Financial Inc,GNW - Genworth Financial Inc
NYSE,GEO,Geo Group Inc (The),GEO - Geo Group Inc (The)
NYSE,GGC,Georgia Gulf Corporation,GGC - Georgia Gulf Corporation
NYSE,GAR,Georgia Power Company,GAR - Georgia Power Company
NYSE,GAT,Georgia Power Company,GAT - Georgia Power Company
NYSE,GPE^A,Georgia Power Company,GPE^A - Georgia Power Company
NYSE,GGB,Gerdau SA,GGB - Gerdau SA
NYSE,GTY,Getty Realty Corporation,GTY - Getty Realty Corporation
NYSE,GFIG,GFI Group Inc,GFIG - GFI Group Inc
NYSE,GA,Giant Interactive Group Inc,GA - Giant Interactive Group Inc
NYSE,GIL,Gildan Activewear Inc,GIL - Gildan Activewear Inc
NYSE,GLAD^A,Gladstone Capital Corporation,GLAD^A - Gladstone Capital Corporation
NYSE,GLT,Glatfelter,GLT - Glatfelter
NYSE,GSK,GlaxoSmithKline PLC,GSK - GlaxoSmithKline PLC
NYSE,GRT,Glimcher Realty Trust,GRT - Glimcher Realty Trust
NYSE,GRT^F,Glimcher Realty Trust,GRT^F - Glimcher Realty Trust
NYSE,GRT^G,Glimcher Realty Trust,GRT^G - Glimcher Realty Trust
NYSE,GCA,Global Cash Access Holdings Inc,GCA - Global Cash Access Holdings Inc
NYSE,GGS,Global Geophysical Services Inc,GGS - Global Geophysical Services Inc
NYSE,GHI,Global High Income Dollar Fund Inc,GHI - Global High Income Dollar Fund Inc
NYSE,GCF,Global Income and Currency Fund Inc,GCF - Global Income and Currency Fund Inc
NYSE,GLP,Global Partners LP,GLP - Global Partners LP
NYSE,GPN,Global Payments Inc,GPN - Global Payments Inc
NYSE,GSL,Global Ship Lease Inc,GSL - Global Ship Lease Inc
NYSE,ALLY^A,GMAC Capital Trust I,ALLY^A - GMAC Capital Trust I
NYSE,ALLY^B,GMAC Capital Trust I,ALLY^B - GMAC Capital Trust I
NYSE,GJM,GMAC LLC,GJM - GMAC LLC
NYSE,GKM,GMAC LLC,GKM - GMAC LLC
NYSE,GMA,GMAC LLC,GMA - GMAC LLC
NYSE,GOM,GMAC LLC,GOM - GMAC LLC
NYSE,GMXR,GMX Resources Inc,GMXR - GMX Resources Inc
NYSE,GMXR^,GMX Resources Inc,GMXR^ - GMX Resources Inc
NYSE,GNC,GNC Holdings Inc,GNC - GNC Holdings Inc
NYSE,GOL,Gol Linhas Aereas Inteligentes SA,GOL - Gol Linhas Aereas Inteligentes SA
NYSE,GFI,Gold Fields Ltd,GFI - Gold Fields Ltd
NYSE,GG,Goldcorp Incorporated,GG - Goldcorp Incorporated
NYSE,GS,Goldman Sachs Group Inc (The),GS - Goldman Sachs Group Inc (The)
NYSE,GS^A,Goldman Sachs Group Inc (The),GS^A - Goldman Sachs Group Inc (The)
NYSE,GS^B,Goldman Sachs Group Inc (The),GS^B - Goldman Sachs Group Inc (The)
NYSE,GS^C,Goldman Sachs Group Inc (The),GS^C - Goldman Sachs Group Inc (The)
NYSE,GS^D,Goldman Sachs Group Inc (The),GS^D - Goldman Sachs Group Inc (The)
NYSE,GSF,Goldman Sachs Group Inc (The),GSF - Goldman Sachs Group Inc (The)
NYSE,GSJ,Goldman Sachs Group Inc (The),GSJ - Goldman Sachs Group Inc (The)
NYSE,TFG,Goldman Sachs Group Inc (The),TFG - Goldman Sachs Group Inc (The)
NYSE,GR,Goodrich Corporation (The),GR - Goodrich Corporation (The)
NYSE,GDP,Goodrich Petroleum Corporation,GDP - Goodrich Petroleum Corporation
NYSE,GT,Goodyear Tire and Rubber Company (The),GT - Goodyear Tire and Rubber Company (The)
NYSE,GT^A,Goodyear Tire and Rubber Company (The),GT^A - Goodyear Tire and Rubber Company (The)
NYSE,GOV,Government Properties Income Trust,GOV - Government Properties Income Trust
NYSE,IRE,Governor and Company of the Bank of Ireland (The),IRE - Governor and Company of the Bank of Ireland (The)
NYSE,GPX,GP Strategies Corporation,GPX - GP Strategies Corporation
NYSE,GGG,Graco Inc,GGG - Graco Inc
NYSE,GTI,GrafTech International Ltd,GTI - GrafTech International Ltd
NYSE,GKK,Gramercy Capital Corp,GKK - Gramercy Capital Corp
NYSE,GKK^A,Gramercy Capital Corp,GKK^A - Gramercy Capital Corp
NYSE,GVA,Granite Construction Incorporated,GVA - Granite Construction Incorporated
NYSE,GPK,Graphic Packaging Holding Company,GPK - Graphic Packaging Holding Company
NYSE,GTN,Gray Television Inc,GTN - Gray Television Inc
NYSE,GTN A,Gray Television Inc,GTN A - Gray Television Inc
NYSE,GNI,Great Northern Iron Ore Properties,GNI - Great Northern Iron Ore Properties
NYSE,GXP,Great Plains Energy Inc,GXP - Great Plains Energy Inc
NYSE,GXP^A,Great Plains Energy Inc,GXP^A - Great Plains Energy Inc
NYSE,GXP^D,Great Plains Energy Inc,GXP^D - Great Plains Energy Inc
NYSE,GXP^E,Great Plains Energy Inc,GXP^E - Great Plains Energy Inc
NYSE,GXP^F,Great Plains Energy Inc,GXP^F - Great Plains Energy Inc
NYSE,GB,Greatbatch Inc,GB - Greatbatch Inc
NYSE,GCH,Greater China Fund Inc,GCH - Greater China Fund Inc
NYSE,GDOT,Green Dot Corporation,GDOT - Green Dot Corporation
NYSE,GBX,Greenbrier Companies Inc (The),GBX - Greenbrier Companies Inc (The)
NYSE,GHL,Greenhill,GHL - Greenhill
NYSE,GWAY,Greenway Medical Technologies Inc,GWAY - Greenway Medical Technologies Inc
NYSE,GEF,Greif Bros Corporation,GEF - Greif Bros Corporation
NYSE,GEF B,Greif Bros Corporation,GEF B - Greif Bros Corporation
NYSE,GFF,Griffon Corporation,GFF - Griffon Corporation
NYSE,GPI,Group 1 Automotive Inc,GPI - Group 1 Automotive Inc
NYSE,GMK,GRUMA SA de CV,GMK - GRUMA SA de CV
NYSE,PAC,Grupo Aeroportuario Del Pacifico SA de CV,PAC - Grupo Aeroportuario Del Pacifico SA de CV
NYSE,ASR,Grupo Aeroportuario del Sureste SA de CV,ASR - Grupo Aeroportuario del Sureste SA de CV
NYSE,SAB,Grupo Casa Saba SA de CV,SAB - Grupo Casa Saba SA de CV
NYSE,RC,Grupo Radio Centro SA de CV,RC - Grupo Radio Centro SA de CV
NYSE,TV,Grupo Televisa SA,TV - Grupo Televisa SA
NYSE,TMM,Grupo TMM SA,TMM - Grupo TMM SA
NYSE,GSE,GSE Holding Inc,GSE - GSE Holding Inc
NYSE,GSH,Guangshen Railway Company Limited,GSH - Guangshen Railway Company Limited
NYSE,GES,Guess? Inc,GES - Guess? Inc
NYSE,GBAB,Guggenheim Build America Bonds Managed Duration Trust,GBAB - Guggenheim Build America Bonds Managed Duration Trust
NYSE,GPM,Guggenheim Enhanced Equity Income Fund,GPM - Guggenheim Enhanced Equity Income Fund
NYSE,GGE,Guggenheim Enhanced Equity Strategy Fund,GGE - Guggenheim Enhanced Equity Strategy Fund
NYSE,GEQ,Guggenheim Equal Weight Enhanced Equity Income Fund,GEQ - Guggenheim Equal Weight Enhanced Equity Income Fund
NYSE,GOF,Guggenheim Strategic Opportunities Fund,GOF - Guggenheim Strategic Opportunities Fund
NYSE,GWRE,Guidewire Software Inc,GWRE - Guidewire Software Inc
NYSE,GUA,Gulf Power Company,GUA - Gulf Power Company
NYSE,GUL,Gulf Power Company,GUL - Gulf Power Company
NYSE,GLF,GulfMark Offshore Inc,GLF - GulfMark Offshore Inc
NYSE,GU,Gushan Environmental Energy Limited,GU - Gushan Environmental Energy Limited
NYSE,HQH,HandQ Healthcare Investors,HQH - HandQ Healthcare Investors
NYSE,HQL,HandQ Life Sciences Investors,HQL - HandQ Life Sciences Investors
NYSE,HRB,HandR Block Inc,HRB - HandR Block Inc
NYSE,FUL,H B Fuller Company,FUL - H B Fuller Company
NYSE,HNZ,HJ Heinz Company,HNZ - HJ Heinz Company
NYSE,HNZ^,HJ Heinz Company,HNZ^ - HJ Heinz Company
NYSE,HAE,Haemonetics Corporation,HAE - Haemonetics Corporation
NYSE,HK,Halcon Resources Corporation,HK - Halcon Resources Corporation
NYSE,HAL,Halliburton Company,HAL - Halliburton Company
NYSE,HBI,Hanesbrands Inc,HBI - Hanesbrands Inc
NYSE,HGR,Hanger Orthopedic Group Inc,HGR - Hanger Orthopedic Group Inc
NYSE,HRG,Harbinger Group Inc,HRG - Harbinger Group Inc
NYSE,HOG,Harley-Davidson Inc,HOG - Harley-Davidson Inc
NYSE,HAR,Harman International Industries Incorporated,HAR - Harman International Industries Incorporated
NYSE,HMY,Harmony Gold Mining Co Ltd,HMY - Harmony Gold Mining Co Ltd
NYSE,HRS,Harris Corporation,HRS - Harris Corporation
NYSE,HTSI,Harris Teeter Supermarkets Inc,HTSI - Harris Teeter Supermarkets Inc
NYSE,HWD,Harry Winston Diamond Corporation,HWD - Harry Winston Diamond Corporation
NYSE,HSC,Harsco Corporation,HSC - Harsco Corporation
NYSE,HHS,Harte-Hanks Inc,HHS - Harte-Hanks Inc
NYSE,HIG,Hartford Financial Services Group Inc (The),HIG - Hartford Financial Services Group Inc (The)
NYSE,HIG WS,Hartford Financial Services Group Inc (The),HIG WS - Hartford Financial Services Group Inc (The)
NYSE,HIG^A,Hartford Financial Services Group Inc (The),HIG^A - Hartford Financial Services Group Inc (The)
NYSE,HNR,Harvest Natural Resources Inc,HNR - Harvest Natural Resources Inc
NYSE,HTS,Hatteras Financial Corp,HTS - Hatteras Financial Corp
NYSE,HVT,Haverty Furniture Companies Inc,HVT - Haverty Furniture Companies Inc
NYSE,HVT A,Haverty Furniture Companies Inc,HVT A - Haverty Furniture Companies Inc
NYSE,HE,Hawaiian Electric Industries Inc,HE - Hawaiian Electric Industries Inc
NYSE,HE^U,Hawaiian Electric Industries Inc,HE^U - Hawaiian Electric Industries Inc
NYSE,HCA,HCA Holdings Inc,HCA - HCA Holdings Inc
NYSE,HCC,HCC Insurance Holdings Inc,HCC - HCC Insurance Holdings Inc
NYSE,HCP,HCP Inc,HCP - HCP Inc
NYSE,HCP^E CL,HCP Inc,HCP^E CL - HCP Inc
NYSE,HCP^F CL,HCP Inc,HCP^F CL - HCP Inc
NYSE,HDB,HDFC Bank Limited,HDB - HDFC Bank Limited
NYSE,HW,Headwaters Incorporated,HW - Headwaters Incorporated
NYSE,HCN,Health Care REIT Inc,HCN - Health Care REIT Inc
NYSE,HCN^I,Health Care REIT Inc,HCN^I - Health Care REIT Inc
NYSE,HCN^J,Health Care REIT Inc,HCN^J - Health Care REIT Inc
NYSE,HMA,Health Management Associates Inc,HMA - Health Management Associates Inc
NYSE,HNT,Health Net Inc,HNT - Health Net Inc
NYSE,HR,Healthcare Realty Trust Incorporated,HR - Healthcare Realty Trust Incorporated
NYSE,HLS,HealthSouth Corporation,HLS - HealthSouth Corporation
NYSE,HPY,Heartland Payment Systems Inc,HPY - Heartland Payment Systems Inc
NYSE,HEK,Heckmann Corporation,HEK - Heckmann Corporation
NYSE,HL,Hecla Mining Company,HL - Hecla Mining Company
NYSE,HL^B,Hecla Mining Company,HL^B - Hecla Mining Company
NYSE,HEI,Heico Corporation,HEI - Heico Corporation
NYSE,HEI A,Heico Corporation,HEI A - Heico Corporation
NYSE,HAV,Helios Advantage Income Fund Inc,HAV - Helios Advantage Income Fund Inc
NYSE,HIH,Helios High Income Fund Inc,HIH - Helios High Income Fund Inc
NYSE,HHY,Helios High Yield Fund,HHY - Helios High Yield Fund
NYSE,HMH,Helios Multi-Sector High Income Fund Inc,HMH - Helios Multi-Sector High Income Fund Inc
NYSE,HSA,Helios Strategic Income Fd Inc,HSA - Helios Strategic Income Fd Inc
NYSE,HLX,Helix Energy Solutions Group Inc,HLX - Helix Energy Solutions Group Inc
NYSE,HP,Helmerich and Payne Inc,HP - Helmerich and Payne Inc
NYSE,HLF,Herbalife LTD,HLF - Herbalife LTD
NYSE,HT,Hersha Hospitality Trust,HT - Hersha Hospitality Trust
NYSE,HT^A,Hersha Hospitality Trust,HT^A - Hersha Hospitality Trust
NYSE,HT^B,Hersha Hospitality Trust,HT^B - Hersha Hospitality Trust
NYSE,HSY,Hershey Company (The),HSY - Hershey Company (The)
NYSE,HTZ,Hertz Global Holdings Inc,HTZ - Hertz Global Holdings Inc
NYSE,HES,Hess Corporation,HES - Hess Corporation
NYSE,HPQ,Hewlett-Packard Company,HPQ - Hewlett-Packard Company
NYSE,HXL,Hexcel Corporation,HXL - Hexcel Corporation
NYSE,HF,HFF Inc,HF - HFF Inc
NYSE,HGG,HHGregg Inc,HGG - HHGregg Inc
NYSE,ONE           ,Higher One Holdings Inc,ONE            - Higher One Holdings Inc
NYSE,HIW,Highwoods Properties Inc,HIW - Highwoods Properties Inc
NYSE,HIL,Hill International Inc,HIL - Hill International Inc
NYSE,HI,Hillenbrand Inc,HI - Hillenbrand Inc
NYSE,HRC,Hill-Rom Holdings Inc,HRC - Hill-Rom Holdings Inc
NYSE,HTH,Hilltop Holdings Inc,HTH - Hilltop Holdings Inc
NYSE,HIT,Hitachi Ltd,HIT - Hitachi Ltd
NYSE,HEP,Holly Energy Partners LP,HEP - Holly Energy Partners LP
NYSE,HFC,HollyFrontier Corporation,HFC - HollyFrontier Corporation
NYSE,HD,Home Depot Inc (The),HD - Home Depot Inc (The)
NYSE,HME,Home Properties Inc,HME - Home Properties Inc
NYSE,HNI,HON INDUSTRIES Inc,HNI - HON INDUSTRIES Inc
NYSE,HMC,Honda Motor Company Ltd,HMC - Honda Motor Company Ltd
NYSE,HON,Honeywell International Inc,HON - Honeywell International Inc
NYSE,HMN,Horace Mann Educators Corporation,HMN - Horace Mann Educators Corporation
NYSE,HTF,Horizon Technology Finance Corporation,HTF - Horizon Technology Finance Corporation
NYSE,HRL,Hormel Foods Corporation,HRL - Hormel Foods Corporation
NYSE,HOS,Hornbeck Offshore Services,HOS - Hornbeck Offshore Services
NYSE,HSP,Hospira Inc,HSP - Hospira Inc
NYSE,HPT,Hospitality Properites Trust,HPT - Hospitality Properites Trust
NYSE,HPT^C,Hospitality Properites Trust,HPT^C - Hospitality Properites Trust
NYSE,HPT^D,Hospitality Properites Trust,HPT^D - Hospitality Properites Trust
NYSE,HST,Host Marriott Financial Trust,HST - Host Marriott Financial Trust
NYSE,HSBC^B,Household Finance Corp,HSBC^B - Household Finance Corp
NYSE,HOV,Hovnanian Enterprises Inc,HOV - Hovnanian Enterprises Inc
NYSE,HOVU,Hovnanian Enterprises Inc,HOVU - Hovnanian Enterprises Inc
NYSE,HHC,Howard Hughes Corporation (The),HHC - Howard Hughes Corporation (The)
NYSE,HBC,HSBC Holdings plc,HBC - HSBC Holdings plc
NYSE,HBC^,HSBC Holdings plc,HBC^ - HSBC Holdings plc
NYSE,HBC^A,HSBC Holdings plc,HBC^A - HSBC Holdings plc
NYSE,HCS,HSBC Holdings plc,HCS - HSBC Holdings plc
NYSE,HCS^B,HSBC Holdings plc,HCS^B - HSBC Holdings plc
NYSE,HBA^D,HSBC USA Inc,HBA^D - HSBC USA Inc
NYSE,HBA^F,HSBC USA Inc,HBA^F - HSBC USA Inc
NYSE,HBA^G,HSBC USA Inc,HBA^G - HSBC USA Inc
NYSE,HBA^H,HSBC USA Inc,HBA^H - HSBC USA Inc
NYSE,HBA^Z,HSBC USA Inc,HBA^Z - HSBC USA Inc
NYSE,HNP,Huaneng Power Intl,HNP - Huaneng Power Intl
NYSE,HUB A,Hubbell Inc A,HUB A - Hubbell Inc A
NYSE,HUB B,Hubbell Inc A,HUB B - Hubbell Inc A
NYSE,HBM,HudBay Minerals Inc,HBM - HudBay Minerals Inc
NYSE,HPP,Hudson Pacific Properties Inc,HPP - Hudson Pacific Properties Inc
NYSE,HPP^B,Hudson Pacific Properties Inc,HPP^B - Hudson Pacific Properties Inc
NYSE,HVB,Hudson Valley Holding Corp,HVB - Hudson Valley Holding Corp
NYSE,HGT,Hugoton Royalty Trust,HGT - Hugoton Royalty Trust
NYSE,HUM,Humana Inc,HUM - Humana Inc
NYSE,HII,Huntington Ingalls Industries Inc,HII - Huntington Ingalls Industries Inc
NYSE,HUN,Huntsman Corporation,HUN - Huntsman Corporation
NYSE,H,Hyatt Hotels Corporation,H - Hyatt Hotels Corporation
NYSE,HDY,HyperDynamics Corporation,HDY - HyperDynamics Corporation
NYSE,HTR,Hyperion Brookfield Total Return Fund Inc,HTR - Hyperion Brookfield Total Return Fund Inc
NYSE,IAG,Iamgold Corporation,IAG - Iamgold Corporation
NYSE,IBN,ICICI Bank Limited,IBN - ICICI Bank Limited
NYSE,IDA,IDACORP Inc,IDA - IDACORP Inc
NYSE,IEX,IDEX Corporation,IEX - IDEX Corporation
NYSE,GNE,IDT Corporation,GNE - IDT Corporation
NYSE,IDT,IDT Corporation,IDT - IDT Corporation
NYSE,CTC,IFM Investments Limited,CTC - IFM Investments Limited
NYSE,IHS,IHS Inc,IHS - IHS Inc
NYSE,ITW,Illinois Tool Works Inc,ITW - Illinois Tool Works Inc
NYSE,IMN,Imation Corporation,IMN - Imation Corporation
NYSE,IMAX,Imax Corporation,IMAX - Imax Corporation
NYSE,IFT,Imperial Holdings Inc,IFT - Imperial Holdings Inc
NYSE,IMPV,Imperva Inc,IMPV - Imperva Inc
NYSE,IHC,Independence Holding Company,IHC - Independence Holding Company
NYSE,IFN,India Fund Inc (The),IFN - India Fund Inc (The)
NYSE,IBA,Industrias Bachoco SA de CV,IBA - Industrias Bachoco SA de CV
NYSE,NRGM,Inergy Midstream LP,NRGM - Inergy Midstream LP
NYSE,NRGY,Inergy LP,NRGY - Inergy LP
NYSE,IAE,ING Asia Pacific High Dividend Equity Income Fund,IAE - ING Asia Pacific High Dividend Equity Income Fund
NYSE,IHD,ING Emerging Markets High Dividend Equity Fund,IHD - ING Emerging Markets High Dividend Equity Fund
NYSE,IGA,ING Global Advantage and Premium Opportunity Fund,IGA - ING Global Advantage and Premium Opportunity Fund
NYSE,IGD,ING Global Equity Dividend and Premium Opportunity Fund,IGD - ING Global Equity Dividend and Premium Opportunity Fund
NYSE,IDG,ING Group NV,IDG - ING Group NV
NYSE,IGK,ING Group NV,IGK - ING Group NV
NYSE,IND,ING Group NV,IND - ING Group NV
NYSE,ING,ING Group NV,ING - ING Group NV
NYSE,INZ,ING Group NV,INZ - ING Group NV
NYSE,ISF,ING Group NV,ISF - ING Group NV
NYSE,ISG,ING Group NV,ISG - ING Group NV
NYSE,ISP,ING Group NV,ISP - ING Group NV
NYSE,IDE,ING Infrastructure Industrial and Material Fund,IDE - ING Infrastructure Industrial and Material Fund
NYSE,IID,ING International High Dividend Equity Income Fund,IID - ING International High Dividend Equity Income Fund
NYSE,PPR,ING Prime Rate Trust,PPR - ING Prime Rate Trust
NYSE,IRR,ING Risk Managed Natural Resources Fund,IRR - ING Risk Managed Natural Resources Fund
NYSE,IR,Ingersoll-Rand plc (Ireland),IR - Ingersoll-Rand plc (Ireland)
NYSE,IM,Ingram Micro Inc,IM - Ingram Micro Inc
NYSE,IRC,Inland Real Estate Corporation,IRC - Inland Real Estate Corporation
NYSE,IRC^A,Inland Real Estate Corporation,IRC^A - Inland Real Estate Corporation
NYSE,IPHI,Inphi Corporation,IPHI - Inphi Corporation
NYSE,NSP,Insperity Inc,NSP - Insperity Inc
NYSE,TEG,Integrys Energy Group,TEG - Integrys Energy Group
NYSE,IHG,Intercontinental Hotels Group,IHG - Intercontinental Hotels Group
NYSE,ICE,IntercontinentalExchange Inc,ICE - IntercontinentalExchange Inc
NYSE,IBI,Interline Brands Inc,IBI - Interline Brands Inc
NYSE,IFF,Internationa Flavors and Fragrances Inc,IFF - Internationa Flavors and Fragrances Inc
NYSE,IBM,International Business Machines Corporation,IBM - International Business Machines Corporation
NYSE,IGT,International Game Technology,IGT - International Game Technology
NYSE,IP,International Paper Company,IP - International Paper Company
NYSE,IRF,International Rectifier Corporation,IRF - International Rectifier Corporation
NYSE,ISH,International Shipholding Corporation,ISH - International Shipholding Corporation
NYSE,IOC,InterOil Corporation,IOC - InterOil Corporation
NYSE,IPG,Interpublic Group of Companies Inc (The),IPG - Interpublic Group of Companies Inc (The)
NYSE,IPL^B,Interstate Power and Light Company,IPL^B - Interstate Power and Light Company
NYSE,INXN,InterXion Holding NV,INXN - InterXion Holding NV
NYSE,IL,IntraLinks Holdings Inc,IL - IntraLinks Holdings Inc
NYSE,IPI,Intrepid Potash Inc,IPI - Intrepid Potash Inc
NYSE,IVC,Invacare Corporation,IVC - Invacare Corporation
NYSE,INVN,InvenSense Inc,INVN - InvenSense Inc
NYSE,IIC,Invesco California Municipal Income Trust,IIC - Invesco California Municipal Income Trust
NYSE,ICS,Invesco California Municipal Securities,ICS - Invesco California Municipal Securities
NYSE,IQC,Invesco California Municipal Securities,IQC - Invesco California Municipal Securities
NYSE,MSY,Invesco High Yield Investments Fund,MSY - Invesco High Yield Investments Fund
NYSE,IVR,INVESCO MORTGAGE CAPITAL INC,IVR - INVESCO MORTGAGE CAPITAL INC
NYSE,OIA,Invesco Municipal Income Opportunities Trust,OIA - Invesco Municipal Income Opportunities Trust
NYSE,OIB,Invesco Municipal Income Opportunities Trust II,OIB - Invesco Municipal Income Opportunities Trust II
NYSE,OIC,Invesco Municipal Income Opportunities Trust III,OIC - Invesco Municipal Income Opportunities Trust III
NYSE,PIA,Invesco Municipal Premium Income Trust,PIA - Invesco Municipal Premium Income Trust
NYSE,IQN,Invesco New York Quality Municipal Securities,IQN - Invesco New York Quality Municipal Securities
NYSE,IVZ,Invesco Plc,IVZ - Invesco Plc
NYSE,IQI,Invesco Quality Municipal Income Trust,IQI - Invesco Quality Municipal Income Trust
NYSE,IQT,Invesco Quality Municipal Investment Trust,IQT - Invesco Quality Municipal Investment Trust
NYSE,IQM,Invesco Quality Municipal Securities,IQM - Invesco Quality Municipal Securities
NYSE,IMC,Invesco Value Municipal Bond Trust,IMC - Invesco Value Municipal Bond Trust
NYSE,IIM,Invesco Value Municipal Income Trust,IIM - Invesco Value Municipal Income Trust
NYSE,IMS,Invesco Value Municipal Securities,IMS - Invesco Value Municipal Securities
NYSE,IMT,Invesco Value Municipal Trust,IMT - Invesco Value Municipal Trust
NYSE,VBF,Invesco Van Kampen Bond Fund,VBF - Invesco Van Kampen Bond Fund
NYSE,VCV,Invesco Van Kampen California Value Municipal Income Trust,VCV - Invesco Van Kampen California Value Municipal Income Trust
NYSE,VTA,Invesco Van Kampen Dynamic Credit Opportunities Fund,VTA - Invesco Van Kampen Dynamic Credit Opportunities Fund
NYSE,VLT,Invesco Van Kampen High Income Corporate Bond Fund,VLT - Invesco Van Kampen High Income Corporate Bond Fund
NYSE,VMO,Invesco Van Kampen Municipal Opportunity Trust,VMO - Invesco Van Kampen Municipal Opportunity Trust
NYSE,VKQ,Invesco Van Kampen Municipal Trust,VKQ - Invesco Van Kampen Municipal Trust
NYSE,VOQ,Invesco Van Kampen Ohio Quality Municipal Trust,VOQ - Invesco Van Kampen Ohio Quality Municipal Trust
NYSE,VPV,Invesco Van Kampen Pennsylvania Value Municipal Income Trust,VPV - Invesco Van Kampen Pennsylvania Value Municipal Income Trust
NYSE,VVR,Invesco Van Kampen Senior Income Trust,VVR - Invesco Van Kampen Senior Income Trust
NYSE,VTN,Invesco Van Kampen Trt  for Investment Grade New York Municipa,VTN - Invesco Van Kampen Trt  for Investment Grade New York Municipa
NYSE,VGM,Invesco Van Kampen Trust for Investment Grade Municipals,VGM - Invesco Van Kampen Trust for Investment Grade Municipals
NYSE,VTJ,Invesco Van Kampen Trust for Investment Grade N J Municipals,VTJ - Invesco Van Kampen Trust for Investment Grade N J Municipals
NYSE,VIM,Invesco Van Kampen Trust for Value Municipals,VIM - Invesco Van Kampen Trust for Value Municipals
NYSE,ITG,Investment Technology Group Inc,ITG - Investment Technology Group Inc
NYSE,IO,Ion Geophysical Corporation,IO - Ion Geophysical Corporation
NYSE,IRL,Irish Investment Fund Inc (The),IRL - Irish Investment Fund Inc (The)
NYSE,IRM,Iron Mountain Incorporated,IRM - Iron Mountain Incorporated
NYSE,IRS,IRSA Inversiones Y Representaciones SA,IRS - IRSA Inversiones Y Representaciones SA
NYSE,ISS,iSoftStone Holdings Limited,ISS - iSoftStone Holdings Limited
NYSE,SFI,iStar Financial Inc,SFI - iStar Financial Inc
NYSE,SFI^D,iStar Financial Inc,SFI^D - iStar Financial Inc
NYSE,SFI^E,iStar Financial Inc,SFI^E - iStar Financial Inc
NYSE,SFI^F,iStar Financial Inc,SFI^F - iStar Financial Inc
NYSE,SFI^G,iStar Financial Inc,SFI^G - iStar Financial Inc
NYSE,SFI^I,iStar Financial Inc,SFI^I - iStar Financial Inc
NYSE,ITUB,Itau Unibanco Banco Holding SA,ITUB - Itau Unibanco Banco Holding SA
NYSE,ITC,ITC Holdings Corp,ITC - ITC Holdings Corp
NYSE,ITT,ITT Corporation,ITT - ITT Corporation
NYSE,XLS,ITT Corporation,XLS - ITT Corporation
NYSE,XYL,ITT Corporation,XYL - ITT Corporation
NYSE,ESI,ITT Educational Services Inc,ESI - ITT Educational Services Inc
NYSE,IVN,Ivanhoe Mines Ltd,IVN - Ivanhoe Mines Ltd
NYSE,JPM,J P Morgan Chase and Co,JPM - J P Morgan Chase and Co
NYSE,JPM WS,J P Morgan Chase and Co,JPM WS - J P Morgan Chase and Co
NYSE,JPM^B,J P Morgan Chase and Co,JPM^B - J P Morgan Chase and Co
NYSE,JPM^C,J P Morgan Chase and Co,JPM^C - J P Morgan Chase and Co
NYSE,JPM^I,J P Morgan Chase and Co,JPM^I - J P Morgan Chase and Co
NYSE,JPM^J,J P Morgan Chase and Co,JPM^J - J P Morgan Chase and Co
NYSE,JPM^K,J P Morgan Chase and Co,JPM^K - J P Morgan Chase and Co
NYSE,JPM^O,J P Morgan Chase and Co,JPM^O - J P Morgan Chase and Co
NYSE,JPM^P,J P Morgan Chase and Co,JPM^P - J P Morgan Chase and Co
NYSE,JPM^S,J P Morgan Chase and Co,JPM^S - J P Morgan Chase and Co
NYSE,JPM^W,J P Morgan Chase and Co,JPM^W - J P Morgan Chase and Co
NYSE,JPM^X,J P Morgan Chase and Co,JPM^X - J P Morgan Chase and Co
NYSE,JPM^Y,J P Morgan Chase and Co,JPM^Y - J P Morgan Chase and Co
NYSE,JPM^Z,J P Morgan Chase and Co,JPM^Z - J P Morgan Chase and Co
NYSE,JCP,JC Penney Company Inc Holding Company,JCP - JC Penney Company Inc Holding Company
NYSE,SJM,JM Smucker Company (The),SJM - JM Smucker Company (The)
NYSE,JBL,Jabil Circuit Inc,JBL - Jabil Circuit Inc
NYSE,JEC,Jacobs Engineering Group Inc,JEC - Jacobs Engineering Group Inc
NYSE,JAG,Jaguar Mining Inc,JAG - Jaguar Mining Inc
NYSE,JHX,James Hardie Industries SE,JHX - James Hardie Industries SE
NYSE,JNS,Janus Capital Group Inc,JNS - Janus Capital Group Inc
NYSE,JEQ,Japan Equity Fund Inc (The),JEQ - Japan Equity Fund Inc (The)
NYSE,JOF,Japan Smaller Capitalization Fund Inc,JOF - Japan Smaller Capitalization Fund Inc
NYSE,JAH,Jarden Corporation,JAH - Jarden Corporation
NYSE,JEF,Jefferies Group Inc,JEF - Jefferies Group Inc
NYSE,JFC,JF China Region  Fund Inc,JFC - JF China Region  Fund Inc
NYSE,JKS,JinkoSolar Holding Company Limited,JKS - JinkoSolar Holding Company Limited
NYSE,JMP,JMP Group Inc,JMP - JMP Group Inc
NYSE,JBT,John Bean Technologies Corporation,JBT - John Bean Technologies Corporation
NYSE,BTO,John Hancock Bank and Thrift Fund,BTO - John Hancock Bank and Thrift Fund
NYSE,HEQ,John Hancock Hedged Equity and Income Fund,HEQ - John Hancock Hedged Equity and Income Fund
NYSE,JHS,John Hancock Income Securities Trust,JHS - John Hancock Income Securities Trust
NYSE,JHI,John Hancock Investors Trust,JHI - John Hancock Investors Trust
NYSE,HPF,John Hancock Pfd Income Fund II,HPF - John Hancock Pfd Income Fund II
NYSE,HPI,John Hancock Preferred Income Fund,HPI - John Hancock Preferred Income Fund
NYSE,HPS,John Hancock Preferred Income Fund III,HPS - John Hancock Preferred Income Fund III
NYSE,PDT,John Hancock Premium Dividend Fund,PDT - John Hancock Premium Dividend Fund
NYSE,HTD,John Hancock Tax Advantaged Dividend Income Fund,HTD - John Hancock Tax Advantaged Dividend Income Fund
NYSE,HTY,John Hancock Tax-Advantaged Global Shareholder Yield Fund,HTY - John Hancock Tax-Advantaged Global Shareholder Yield Fund
NYSE,JW A,John Wiley and Sons Inc,JW A - John Wiley and Sons Inc
NYSE,JW B,John Wiley and Sons Inc,JW B - John Wiley and Sons Inc
NYSE,JNJ,Johnson and Johnson,JNJ - Johnson and Johnson
NYSE,JCI,Johnson Controls Inc,JCI - Johnson Controls Inc
NYSE,JNY,Jones Group Inc (The),JNY - Jones Group Inc (The)
NYSE,JLL,Jones Lang LaSalle Incorporated,JLL - Jones Lang LaSalle Incorporated
NYSE,JRN,Journal Communications Inc,JRN - Journal Communications Inc
NYSE,JOY,Joy Global Inc,JOY - Joy Global Inc
NYSE,JNPR,Juniper Networks Inc,JNPR - Juniper Networks Inc
NYSE,JE,Just Energy Group Inc,JE - Just Energy Group Inc
NYSE,LRN,K12 Inc,LRN - K12 Inc
NYSE,KAI,Kadant Inc,KAI - Kadant Inc
NYSE,KAMN,Kaman Corporation,KAMN - Kaman Corporation
NYSE,KSU,Kansas City Southern,KSU - Kansas City Southern
NYSE,KSU^,Kansas City Southern,KSU^ - Kansas City Southern
NYSE,KS,KapStone Paper and Packaging Corporation,KS - KapStone Paper and Packaging Corporation
NYSE,KAR,KAR Auction Services Inc,KAR - KAR Auction Services Inc
NYSE,KDN,Kaydon Corporation,KDN - Kaydon Corporation
NYSE,KED,Kayne Anderson Energy Development Company,KED - Kayne Anderson Energy Development Company
NYSE,KYE,Kayne Anderson Energy Total Return Fund Inc,KYE - Kayne Anderson Energy Total Return Fund Inc
NYSE,KMF,Kayne Anderson Midstream Energy Fund Inc,KMF - Kayne Anderson Midstream Energy Fund Inc
NYSE,KYN,Kayne Anderson MLP Investment Company,KYN - Kayne Anderson MLP Investment Company
NYSE,KYN^D,Kayne Anderson MLP Investment Company,KYN^D - Kayne Anderson MLP Investment Company
NYSE,KYN^E,Kayne Anderson MLP Investment Company,KYN^E - Kayne Anderson MLP Investment Company
NYSE,KB,KB Financial Group Inc,KB - KB Financial Group Inc
NYSE,KBH,KB Home,KBH - KB Home
NYSE,KBR,KBR Inc,KBR - KBR Inc
NYSE,KBW,KBW Inc,KBW - KBW Inc
NYSE,K,Kellogg Company,K - Kellogg Company
NYSE,KEM,Kemet Corporation,KEM - Kemet Corporation
NYSE,KMPR,Kemper Corporation,KMPR - Kemper Corporation
NYSE,KNXA,Kenexa Corporation,KNXA - Kenexa Corporation
NYSE,KMT,Kennametal Inc,KMT - Kennametal Inc
NYSE,KW,Kennedy-Wilson Holdings Inc,KW - Kennedy-Wilson Holdings Inc
NYSE,KCP,Kenneth Cole Productions Inc,KCP - Kenneth Cole Productions Inc
NYSE,KEG,Key Energy Services Inc,KEG - Key Energy Services Inc
NYSE,KEY,KeyCorp,KEY - KeyCorp
NYSE,KEY^F,KeyCorp,KEY^F - KeyCorp
NYSE,KEY^G,KeyCorp,KEY^G - KeyCorp
NYSE,KID,Kid Brands Inc,KID - Kid Brands Inc
NYSE,KRC,Kilroy Realty Corporation,KRC - Kilroy Realty Corporation
NYSE,KRC^E CL,Kilroy Realty Corporation,KRC^E CL - Kilroy Realty Corporation
NYSE,KRC^F CL,Kilroy Realty Corporation,KRC^F CL - Kilroy Realty Corporation
NYSE,KRC^G,Kilroy Realty Corporation,KRC^G - Kilroy Realty Corporation
NYSE,KMB,Kimberly-Clark Corporation,KMB - Kimberly-Clark Corporation
NYSE,KIM,Kimco Realty Corporation,KIM - Kimco Realty Corporation
NYSE,KIM^F,Kimco Realty Corporation,KIM^F - Kimco Realty Corporation
NYSE,KIM^G,Kimco Realty Corporation,KIM^G - Kimco Realty Corporation
NYSE,KIM^H,Kimco Realty Corporation,KIM^H - Kimco Realty Corporation
NYSE,KIM^I,Kimco Realty Corporation,KIM^I - Kimco Realty Corporation
NYSE,KMP,Kinder Morgan Energy Partners LP,KMP - Kinder Morgan Energy Partners LP
NYSE,KMR,Kinder Morgan Management LLC,KMR - Kinder Morgan Management LLC
NYSE,KMI,Kinder Morgan Inc,KMI - Kinder Morgan Inc
NYSE,KND,Kindred Healthcare Inc,KND - Kindred Healthcare Inc
NYSE,KFS,Kingsway Financial Services Inc,KFS - Kingsway Financial Services Inc
NYSE,KGC,Kinross Gold Corporation,KGC - Kinross Gold Corporation
NYSE,KEX,Kirby Corporation,KEX - Kirby Corporation
NYSE,KRG,Kite Realty Group Trust,KRG - Kite Realty Group Trust
NYSE,KRG^A,Kite Realty Group Trust,KRG^A - Kite Realty Group Trust
NYSE,KKR,KKR and Co LP,KKR - KKR and Co LP
NYSE,KFH,KKR Financial Holdings LLC,KFH - KKR Financial Holdings LLC
NYSE,KFI,KKR Financial Holdings LLC,KFI - KKR Financial Holdings LLC
NYSE,KFN,KKR Financial Holdings LLC,KFN - KKR Financial Holdings LLC
NYSE,KCG,Knight Capital Group Inc,KCG - Knight Capital Group Inc
NYSE,KNX,Knight Transportation Inc,KNX - Knight Transportation Inc
NYSE,KNL,Knoll Inc,KNL - Knoll Inc
NYSE,KOG,Kodiak Oil,KOG - Kodiak Oil
NYSE,KSS,Kohland#39;s Corporation,KSS - Kohland#39;s Corporation
NYSE,KNM,Konami Corporation,KNM - Konami Corporation
NYSE,PHG,Koninklijke Philips Electronics NV,PHG - Koninklijke Philips Electronics NV
NYSE,KOP,Koppers Holdings Inc,KOP - Koppers Holdings Inc
NYSE,KEP,Korea Electric Power Corporation,KEP - Korea Electric Power Corporation
NYSE,KEF,Korea Equity Fund Inc,KEF - Korea Equity Fund Inc
NYSE,KF,Korea Fund Inc (The),KF - Korea Fund Inc (The)
NYSE,KT,Korea Telecom Corporation,KT - Korea Telecom Corporation
NYSE,KFY,Korn Ferry International,KFY - Korn Ferry International
NYSE,KOS,Kosmos Energy Ltd,KOS - Kosmos Energy Ltd
NYSE,KFT,Kraft Foods Inc,KFT - Kraft Foods Inc
NYSE,KRA,Kraton Performance Polymers Inc,KRA - Kraton Performance Polymers Inc
NYSE,KKD,Krispy Kreme Doughnuts Inc,KKD - Krispy Kreme Doughnuts Inc
NYSE,KR,Kroger Company (The),KR - Kroger Company (The)
NYSE,KRO,Kronos Worldwide Inc,KRO - Kronos Worldwide Inc
NYSE,KUB,Kubota Corporation,KUB - Kubota Corporation
NYSE,KV A,K-V Pharmaceutical Company,KV A - K-V Pharmaceutical Company
NYSE,KV B,K-V Pharmaceutical Company,KV B - K-V Pharmaceutical Company
NYSE,KYO,Kyocera Corporation,KYO - Kyocera Corporation
NYSE,SCX,LS Starrett Company (The),SCX - LS Starrett Company (The)
NYSE,LLL,L-3 Communications Holdings Inc,LLL - L-3 Communications Holdings Inc
NYSE,LH,Laboratory Corporation of America Holdings,LH - Laboratory Corporation of America Holdings
NYSE,LG,Laclede Group Inc,LG - Laclede Group Inc
NYSE,LFL,Lan Chile SA,LFL - Lan Chile SA
NYSE,LDR,Landauer Inc,LDR - Landauer Inc
NYSE,LPI,Laredo Petroleum Holdings Inc,LPI - Laredo Petroleum Holdings Inc
NYSE,LVS,Las Vegas Sands Corp,LVS - Las Vegas Sands Corp
NYSE,LHO,LaSalle Hotel Properties,LHO - LaSalle Hotel Properties
NYSE,LHO^D,LaSalle Hotel Properties,LHO^D - LaSalle Hotel Properties
NYSE,LHO^E,LaSalle Hotel Properties,LHO^E - LaSalle Hotel Properties
NYSE,LHO^G,LaSalle Hotel Properties,LHO^G - LaSalle Hotel Properties
NYSE,LHO^H,LaSalle Hotel Properties,LHO^H - LaSalle Hotel Properties
NYSE,LDF,Latin American Discovery Fund Inc (The),LDF - Latin American Discovery Fund Inc (The)
NYSE,LGI,Lazard Global Total Return and Income Fund,LGI - Lazard Global Total Return and Income Fund
NYSE,LAZ,Lazard Ltd,LAZ - Lazard Ltd
NYSE,LOR,Lazard World Dividend and Income Fund Inc,LOR - Lazard World Dividend and Income Fund Inc
NYSE,LZB,La-Z-Boy Incorporated,LZB - La-Z-Boy Incorporated
NYSE,LDK,LDK Solar Co Ltd,LDK - LDK Solar Co Ltd
NYSE,LF,Leapfrog Enterprises Inc,LF - Leapfrog Enterprises Inc
NYSE,LEA,Lear Corporation,LEA - Lear Corporation
NYSE,LEE,Lee Enterprises Incorporated,LEE - Lee Enterprises Incorporated
NYSE,BWG,Legg Mason BW Global Income Opportunities Fund Inc,BWG - Legg Mason BW Global Income Opportunities Fund Inc
NYSE,LM,Legg Mason Inc,LM - Legg Mason Inc
NYSE,LEG,Leggett and Platt Incorporated,LEG - Leggett and Platt Incorporated
NYSE,JZT,Lehman ABS Corp,JZT - Lehman ABS Corp
NYSE,CVB,Lehman ABS Corporation,CVB - Lehman ABS Corporation
NYSE,CWZ,Lehman ABS Corporation,CWZ - Lehman ABS Corporation
NYSE,HYH,Lehman ABS Corporation,HYH - Lehman ABS Corporation
NYSE,HYK,Lehman ABS Corporation,HYK - Lehman ABS Corporation
NYSE,HYL,Lehman ABS Corporation,HYL - Lehman ABS Corporation
NYSE,JBJ,Lehman ABS Corporation,JBJ - Lehman ABS Corporation
NYSE,JBK,Lehman ABS Corporation,JBK - Lehman ABS Corporation
NYSE,JBO,Lehman ABS Corporation,JBO - Lehman ABS Corporation
NYSE,JZC,Lehman ABS Corporation,JZC - Lehman ABS Corporation
NYSE,JZH,Lehman ABS Corporation,JZH - Lehman ABS Corporation
NYSE,JZJ,Lehman ABS Corporation,JZJ - Lehman ABS Corporation
NYSE,JZK,Lehman ABS Corporation,JZK - Lehman ABS Corporation
NYSE,JZL,Lehman ABS Corporation,JZL - Lehman ABS Corporation
NYSE,JZS,Lehman ABS Corporation,JZS - Lehman ABS Corporation
NYSE,JZV,Lehman ABS Corporation,JZV - Lehman ABS Corporation
NYSE,KCC,Lehman ABS Corporation,KCC - Lehman ABS Corporation
NYSE,KCW,Lehman ABS Corporation,KCW - Lehman ABS Corporation