NYSE,SOA,Solutia Inc,SOA - Solutia Inc
NYSE,SOA WS,Solutia Inc,SOA WS - Solutia Inc
NYSE,SAH,Sonic Automotive Inc,SAH - Sonic Automotive Inc
NYSE,SON,Sonoco Products Company,SON - Sonoco Products Company
NYSE,SNE,Sony Corp Ord,SNE - Sony Corp Ord
NYSE,BID,Sothebyand#39;s,BID - Sothebyand#39;s
NYSE,SFUN,SouFun Holdings Limited,SFUN - SouFun Holdings Limited
NYSE,SOR,Source Capital Inc,SOR - Source Capital Inc
NYSE,SOR^,Source Capital Inc,SOR^ - Source Capital Inc
NYSE,SJI,South Jersey Industries Inc,SJI - South Jersey Industries Inc
NYSE,SO,Southern Company (The),SO - Southern Company (The)
NYSE,SCCO,Southern Copper Corporation,SCCO - Southern Copper Corporation
NYSE,LUV,Southwest Airlines Company,LUV - Southwest Airlines Company
NYSE,SWX,Southwest Gas Corporation,SWX - Southwest Gas Corporation
NYSE,SWN,Southwestern Energy Company,SWN - Southwestern Energy Company
NYSE,SSS,Sovran Self Storage Inc,SSS - Sovran Self Storage Inc
NYSE,CODE,Spansion Inc,CODE - Spansion Inc
NYSE,SEH,Spartech Corporation,SEH - Spartech Corporation
NYSE,SPA,Sparton Corporation,SPA - Sparton Corporation
NYSE,SPE,Special Opportunities Fund Inc,SPE - Special Opportunities Fund Inc
NYSE,SE,Spectra Energy Corp,SE - Spectra Energy Corp
NYSE,SEP,Spectra Energy Partners LP,SEP - Spectra Energy Partners LP
NYSE,SPB           ,Spectrum Brands Holdings Inc,SPB            - Spectrum Brands Holdings Inc
NYSE,TRK,Speedway Motorsports Inc,TRK - Speedway Motorsports Inc
NYSE,SPR,Spirit Aerosystems Holdings Inc,SPR - Spirit Aerosystems Holdings Inc
NYSE,S,Sprint  Nextel Corporation,S - Sprint  Nextel Corporation
NYSE,SPW,SPX Corporation,SPW - SPX Corporation
NYSE,JOE,St Joe Company (The),JOE - St Joe Company (The)
NYSE,STJ,St Jude Medical Inc,STJ - St Jude Medical Inc
NYSE,STAG,Stag Industrial Inc,STAG - Stag Industrial Inc
NYSE,STAG^A,Stag Industrial Inc,STAG^A - Stag Industrial Inc
NYSE,SSI,Stage Stores Inc,SSI - Stage Stores Inc
NYSE,SFG,StanCorp Financial Group Inc,SFG - StanCorp Financial Group Inc
NYSE,SMP,Standard Motor Products Inc,SMP - Standard Motor Products Inc
NYSE,SPF,Standard Pacific Corp,SPF - Standard Pacific Corp
NYSE,SR,Standard Register Company (The),SR - Standard Register Company (The)
NYSE,SXI,Standex International Corporation,SXI - Standex International Corporation
NYSE,SWK,Stanley Black and Decker Inc,SWK - Stanley Black and Decker Inc
NYSE,SWU,Stanley Black and Decker Inc,SWU - Stanley Black and Decker Inc
NYSE,STN,Stantec Inc,STN - Stantec Inc
NYSE,SGU,Star Gas Partners LP,SGU - Star Gas Partners LP
NYSE,SRT,StarTek Inc,SRT - StarTek Inc
NYSE,HOT,Starwood Hotels and Resorts Worldwide Inc,HOT - Starwood Hotels and Resorts Worldwide Inc
NYSE,STWD,STARWOOD PROPERTY TRUST INC,STWD - STARWOOD PROPERTY TRUST INC
NYSE,STT,State Street Corporation,STT - State Street Corporation
NYSE,STO,Statoil ASA,STO - Statoil ASA
NYSE,SCS,Steelcase Inc,SCS - Steelcase Inc
NYSE,LVB,Steinway Musical Instruments Inc,LVB - Steinway Musical Instruments Inc
NYSE,SCL,Stepan Company,SCL - Stepan Company
NYSE,SCL^,Stepan Company,SCL^ - Stepan Company
NYSE,STE,STERIS Corporation,STE - STERIS Corporation
NYSE,STL,Sterling Bancorp,STL - Sterling Bancorp
NYSE,STL^A,Sterling Bancorp,STL^A - Sterling Bancorp
NYSE,SLT,Sterlite Industries (India) Limited,SLT - Sterlite Industries (India) Limited
NYSE,STC,Stewart Information Services Corporation,STC - Stewart Information Services Corporation
NYSE,SF,Stifel Financial Corporation,SF - Stifel Financial Corporation
NYSE,SFB,Stifel Financial Corporation,SFB - Stifel Financial Corporation
NYSE,SWC,Stillwater Mining Company,SWC - Stillwater Mining Company
NYSE,STM,STMicroelectronics NV,STM - STMicroelectronics NV
NYSE,SGY,Stone Energy Corporation,SGY - Stone Energy Corporation
NYSE,EDF,Stone Harbor Emerging Markets Income Fund,EDF - Stone Harbor Emerging Markets Income Fund
NYSE,STON,StoneMor Partners LP,STON - StoneMor Partners LP
NYSE,SRI,Stoneridge Inc,SRI - Stoneridge Inc
NYSE,STRI,STR Holdings Inc,STRI - STR Holdings Inc
NYSE,SGL,Strategic Global Income Fund Inc,SGL - Strategic Global Income Fund Inc
NYSE,BEE,Strategic Hotels and Resorts Inc,BEE - Strategic Hotels and Resorts Inc
NYSE,BEE^A,Strategic Hotels and Resorts Inc,BEE^A - Strategic Hotels and Resorts Inc
NYSE,BEE^B,Strategic Hotels and Resorts Inc,BEE^B - Strategic Hotels and Resorts Inc
NYSE,BEE^C,Strategic Hotels and Resorts Inc,BEE^C - Strategic Hotels and Resorts Inc
NYSE,HYY,Structured Products Corp 625 Verizon Gbl,HYY - Structured Products Corp 625 Verizon Gbl
NYSE,HZK,Structured Products Corp 625 Verizon Gbl,HZK - Structured Products Corp 625 Verizon Gbl
NYSE,SYK,Stryker Corporation,SYK - Stryker Corporation
NYSE,RGR,Sturm Ruger and Company Inc,RGR - Sturm Ruger and Company Inc
NYSE,SPH,Suburban Propane Partners LP,SPH - Suburban Propane Partners LP
NYSE,SMFG,Sumitomo Mitsui Financial Group Inc,SMFG - Sumitomo Mitsui Financial Group Inc
NYSE,INN,Summit Hotel Properties Inc,INN - Summit Hotel Properties Inc
NYSE,INN^A,Summit Hotel Properties Inc,INN^A - Summit Hotel Properties Inc
NYSE,SUI,Sun Communities Inc,SUI - Sun Communities Inc
NYSE,SLF,Sun Life Financial Inc,SLF - Sun Life Financial Inc
NYSE,SXC,SunCoke Energy Inc,SXC - SunCoke Energy Inc
NYSE,SU,Suncor Energy  Inc,SU - Suncor Energy  Inc
NYSE,SXL,Sunoco Logistics Partners LP,SXL - Sunoco Logistics Partners LP
NYSE,SUN,Sunoco Inc,SUN - Sunoco Inc
NYSE,SRZ,Sunrise Senior Living Inc,SRZ - Sunrise Senior Living Inc
NYSE,SHO,Sunstone Hotel Investors Inc,SHO - Sunstone Hotel Investors Inc
NYSE,SHO^A,Sunstone Hotel Investors Inc,SHO^A - Sunstone Hotel Investors Inc
NYSE,SHO^D,Sunstone Hotel Investors Inc,SHO^D - Sunstone Hotel Investors Inc
NYSE,STP,Suntech Power Holdings Co LTD,STP - Suntech Power Holdings Co LTD
NYSE,STI,SunTrust Banks Inc,STI - SunTrust Banks Inc
NYSE,STI WS A,SunTrust Banks Inc,STI WS A - SunTrust Banks Inc
NYSE,STI WS B,SunTrust Banks Inc,STI WS B - SunTrust Banks Inc
NYSE,STI^A,SunTrust Banks Inc,STI^A - SunTrust Banks Inc
NYSE,STI^Z,SunTrust Banks Inc,STI^Z - SunTrust Banks Inc
NYSE,SPN,Superior Energy Services Inc,SPN - Superior Energy Services Inc
NYSE,SUP,Superior Industries International Inc,SUP - Superior Industries International Inc
NYSE,SVU,SuperValu Inc,SVU - SuperValu Inc
NYSE,SUS^A,Susquehanna Bancshares Inc,SUS^A - Susquehanna Bancshares Inc
NYSE,SFY,Swift Energy Company,SFY - Swift Energy Company
NYSE,SWFT,Swift Transportation Company,SWFT - Swift Transportation Company
NYSE,SWZ,Swiss Helvetia Fund Inc (The),SWZ - Swiss Helvetia Fund Inc (The)
NYSE,SWS,SWS Group Inc,SWS - SWS Group Inc
NYSE,SYA,Symetra Financial Corporation,SYA - Symetra Financial Corporation
NYSE,SMA,Symmetry Medical Inc,SMA - Symmetry Medical Inc
NYSE,SYT,Syngenta AG,SYT - Syngenta AG
NYSE,SNX,Synnex Corporation,SNX - Synnex Corporation
NYSE,SNV,Synovus Financial Corp,SNV - Synovus Financial Corp
NYSE,SNV^T,Synovus Financial Corp,SNV^T - Synovus Financial Corp
NYSE,GJD,SYNTHETIC FIXED INCOME SECURITIES INC,GJD - SYNTHETIC FIXED INCOME SECURITIES INC
NYSE,GJH,SYNTHETIC FIXED INCOME SECURITIES INC,GJH - SYNTHETIC FIXED INCOME SECURITIES INC
NYSE,GJI,SYNTHETIC FIXED INCOME SECURITIES INC,GJI - SYNTHETIC FIXED INCOME SECURITIES INC
NYSE,GJJ,SYNTHETIC FIXED INCOME SECURITIES INC,GJJ - SYNTHETIC FIXED INCOME SECURITIES INC
NYSE,GJK,SYNTHETIC FIXED INCOME SECURITIES INC,GJK - SYNTHETIC FIXED INCOME SECURITIES INC
NYSE,GJN,SYNTHETIC FIXED INCOME SECURITIES INC,GJN - SYNTHETIC FIXED INCOME SECURITIES INC
NYSE,GJO,SYNTHETIC FIXED INCOME SECURITIES INC,GJO - SYNTHETIC FIXED INCOME SECURITIES INC
NYSE,GJS,SYNTHETIC FIXED INCOME SECURITIES INC,GJS - SYNTHETIC FIXED INCOME SECURITIES INC
NYSE,GJP,Synthetic Fixed-Income Securities Inc,GJP - Synthetic Fixed-Income Securities Inc
NYSE,GJR,Synthetic Fixed-Income Securities Inc,GJR - Synthetic Fixed-Income Securities Inc
NYSE,GJT,Synthetic Fixed-Income Securities Inc,GJT - Synthetic Fixed-Income Securities Inc
NYSE,GJV,Synthetic Fixed-Income Securities Inc,GJV - Synthetic Fixed-Income Securities Inc
NYSE,SYY,Sysco Corporation,SYY - Sysco Corporation
NYSE,SYX,Systemax Inc,SYX - Systemax Inc
NYSE,SYSW,SYSWIN Inc,SYSW - SYSWIN Inc
NYSE,TWN,Taiwan Fund Inc (The),TWN - Taiwan Fund Inc (The)
NYSE,TSM,Taiwan Semiconductor Manufacturing Company Limited,TSM - Taiwan Semiconductor Manufacturing Company Limited
NYSE,XRS,TAL Education Group,XRS - TAL Education Group
NYSE,TAL,TAL International Group Inc,TAL - TAL International Group Inc
NYSE,TLB,Talbots Inc (The),TLB - Talbots Inc (The)
NYSE,TLM,Talisman Energy Inc,TLM - Talisman Energy Inc
NYSE,TAM,TAM SA,TAM - TAM SA
NYSE,SKT,Tanger Factory Outlet Centers Inc,SKT - Tanger Factory Outlet Centers Inc
NYSE,TAOM,Taomee Holdings Limited,TAOM - Taomee Holdings Limited
NYSE,NGLS,Targa Resources Partners LP,NGLS - Targa Resources Partners LP
NYSE,TRGP,Targa Resources Inc,TRGP - Targa Resources Inc
NYSE,TGT,Target Corporation,TGT - Target Corporation
NYSE,TARO,Taro Pharmaceutical Industries Ltd,TARO - Taro Pharmaceutical Industries Ltd
NYSE,TCL,Tata Communications Limited,TCL - Tata Communications Limited
NYSE,TTM,Tata Motors Ltd,TTM - Tata Motors Ltd
NYSE,TCO,Taubman Centers Inc,TCO - Taubman Centers Inc
NYSE,TCO^G,Taubman Centers Inc,TCO^G - Taubman Centers Inc
NYSE,TCO^H,Taubman Centers Inc,TCO^H - Taubman Centers Inc
NYSE,TCP,TC PipeLines LP,TCP - TC PipeLines LP
NYSE,TCB,TCF Financial Corporation,TCB - TCF Financial Corporation
NYSE,TCB WS,TCF Financial Corporation,TCB WS - TCF Financial Corporation
NYSE,TCB^A,TCF Financial Corporation,TCB^A - TCF Financial Corporation
NYSE,TSI,TCW Strategic Income Fund Inc,TSI - TCW Strategic Income Fund Inc
NYSE,TEL,TE Connectivity Ltd,TEL - TE Connectivity Ltd
NYSE,TMH,Team Health Holdings Inc,TMH - Team Health Holdings Inc
NYSE,TISI,Team Inc,TISI - Team Inc
NYSE,TEA,Teavana Holdings Inc,TEA - Teavana Holdings Inc
NYSE,TCK,Teck Resources Ltd,TCK - Teck Resources Ltd
NYSE,TE,TECO Energy Inc,TE - TECO Energy Inc
NYSE,TK,Teekay Corporation,TK - Teekay Corporation
NYSE,TGP,Teekay LNG Partners LP,TGP - Teekay LNG Partners LP
NYSE,TOO,Teekay Offshore Partners LP,TOO - Teekay Offshore Partners LP
NYSE,TNK,Teekay Tankers Ltd,TNK - Teekay Tankers Ltd
NYSE,TRC,Tejon Ranch Co,TRC - Tejon Ranch Co
NYSE,TSU,Tele Celular Sul Participacoes SA,TSU - Tele Celular Sul Participacoes SA
NYSE,TNE,Tele Norte Leste Participacoes SA,TNE - Tele Norte Leste Participacoes SA
NYSE,TEO,Telecom Argentina Stet - France Telecom SA,TEO - Telecom Argentina Stet - France Telecom SA
NYSE,NZT,Telecom Corporation of New Zealand Limited,NZT - Telecom Corporation of New Zealand Limited
NYSE,TI,Telecom Italia SPA,TI - Telecom Italia SPA
NYSE,TI A,Telecom Italia SPA,TI A - Telecom Italia SPA
NYSE,TDY,Teledyne Technologies Incorporated,TDY - Teledyne Technologies Incorporated
NYSE,TFX,Teleflex Incorporated,TFX - Teleflex Incorporated
NYSE,VIV,Telefonica Brasil SA,VIV - Telefonica Brasil SA
NYSE,TEF,Telefonica SA,TEF - Telefonica SA
NYSE,TDE,Telephone and Data Systems Inc,TDE - Telephone and Data Systems Inc
NYSE,TDI,Telephone and Data Systems Inc,TDI - Telephone and Data Systems Inc
NYSE,TDJ,Telephone and Data Systems Inc,TDJ - Telephone and Data Systems Inc
NYSE,TDS,Telephone and Data Systems Inc,TDS - Telephone and Data Systems Inc
NYSE,TU,TELUS Corporation,TU - TELUS Corporation
NYSE,TDF,Templeton Dragon Fund Inc,TDF - Templeton Dragon Fund Inc
NYSE,EMF,Templeton Emerging Markets Fund,EMF - Templeton Emerging Markets Fund
NYSE,TEI,Templeton Emerging Markets Income Fund Inc,TEI - Templeton Emerging Markets Income Fund Inc
NYSE,GIM,Templeton Global Income Fund Inc,GIM - Templeton Global Income Fund Inc
NYSE,TRF,Templeton Russia Fund Inc,TRF - Templeton Russia Fund Inc
NYSE,TPX,Tempur-pedic International Inc,TPX - Tempur-pedic International Inc
NYSE,TS,Tenaris SA,TS - Tenaris SA
NYSE,THC,Tenet Healthcare Corporation,THC - Tenet Healthcare Corporation
NYSE,TNC,Tennant Company,TNC - Tennant Company
NYSE,TEN,Tenneco Automotive Inc,TEN - Tenneco Automotive Inc
NYSE,TVC,Tennessee Valley Authority,TVC - Tennessee Valley Authority
NYSE,TVE,Tennessee Valley Authority,TVE - Tennessee Valley Authority
NYSE,TDC,Teradata Corporation,TDC - Teradata Corporation
NYSE,TER,Teradyne Inc,TER - Teradyne Inc
NYSE,TEX,Terex Corporation,TEX - Terex Corporation
NYSE,TX,Ternium SA,TX - Ternium SA
NYSE,TNH,Terra Nitrogen Company LP,TNH - Terra Nitrogen Company LP
NYSE,TRNO,Terreno Realty Corporation,TRNO - Terreno Realty Corporation
NYSE,TLLP,Tesoro Logistics LP,TLLP - Tesoro Logistics LP
NYSE,TSO,Tesoro Petroleum Corporation,TSO - Tesoro Petroleum Corporation
NYSE,TTI,Tetra Technologies Inc,TTI - Tetra Technologies Inc
NYSE,TXI,Texas Industries Inc,TXI - Texas Industries Inc
NYSE,TPL,Texas Pacific Land Trust,TPL - Texas Pacific Land Trust
NYSE,TGH,Textainer Group Holdings Limited,TGH - Textainer Group Holdings Limited
NYSE,TXT,Textron Inc,TXT - Textron Inc
NYSE,TTF,Thai Fund Inc (The),TTF - Thai Fund Inc (The)
NYSE,ACTV,The Active Network Inc,ACTV - The Active Network Inc
NYSE,AES,The AES Corporation,AES - The AES Corporation
NYSE,AES^C,The AES Corporation,AES^C - The AES Corporation
NYSE,BX,The Blackstone Group LP,BX - The Blackstone Group LP
NYSE,CSFS,The Cash Store Financial Services Inc,CSFS - The Cash Store Financial Services Inc
NYSE,SCHW,The Charles Schwab Corporation,SCHW - The Charles Schwab Corporation
NYSE,EXBD,The Corporate Executive Board Company,EXBD - The Corporate Executive Board Company
NYSE,SRV,The Cushing MLP Total Return Fund,SRV - The Cushing MLP Total Return Fund
NYSE,SRF,The Cushing Royalty and Income Fund,SRF - The Cushing Royalty and Income Fund
NYSE,DNY,The Denali Fund,DNY - The Denali Fund
NYSE,GRX,The Gabelli Healthcare and Wellness Trust,GRX - The Gabelli Healthcare and Wellness Trust
NYSE,GRX^A,The Gabelli Healthcare and Wellness Trust,GRX^A - The Gabelli Healthcare and Wellness Trust
NYSE,GDL,The GDL Fund,GDL - The GDL Fund
NYSE,GDL^B,The GDL Fund,GDL^B - The GDL Fund
NYSE,THG,The Hanover Insurance Group Inc,THG - The Hanover Insurance Group Inc
NYSE,XOXO,The Knot Inc,XOXO - The Knot Inc
NYSE,TRV,The Travelers Companies Inc,TRV - The Travelers Companies Inc
NYSE,TGX,Theragenics Corporation,TGX - Theragenics Corporation
NYSE,TMO,Thermo Fisher Scientific Inc,TMO - Thermo Fisher Scientific Inc
NYSE,THR,Thermon Group Holdings Inc,THR - Thermon Group Holdings Inc
NYSE,TNB,Thomas and Betts Corporation,TNB - Thomas and Betts Corporation
NYSE,TC,Thompson Creek Metals Company Inc,TC - Thompson Creek Metals Company Inc
NYSE,TRI,Thomson Reuters Corp,TRI - Thomson Reuters Corp
NYSE,THO,Thor Industries Inc,THO - Thor Industries Inc
NYSE,TDW,Tidewater Inc,TDW - Tidewater Inc
NYSE,TIF,Tiffany and Co,TIF - Tiffany and Co
NYSE,THI,Tim Hortons Inc,THI - Tim Hortons Inc
NYSE,TWC,Time Warner Cable Inc,TWC - Time Warner Cable Inc
NYSE,TWX,Time Warner Inc,TWX - Time Warner Inc
NYSE,TKR,Timken Company (The),TKR - Timken Company (The)
NYSE,TWI,Titan International Inc,TWI - Titan International Inc
NYSE,TIE,Titanium Metals Corporation,TIE - Titanium Metals Corporation
NYSE,TJX,TJX Companies Inc (The),TJX - TJX Companies Inc (The)
NYSE,TMS,TMS International Corp,TMS - TMS International Corp
NYSE,TNS,TNS Inc,TNS - TNS Inc
NYSE,TOL,Toll Brothers Inc,TOL - Toll Brothers Inc
NYSE,TR,Tootsie Roll Industries Inc,TR - Tootsie Roll Industries Inc
NYSE,TRU,Torch Energy Royalty Trust,TRU - Torch Energy Royalty Trust
NYSE,TMK,Torchmark Corporation,TMK - Torchmark Corporation
NYSE,TMK^A,Torchmark Corporation,TMK^A - Torchmark Corporation
NYSE,TTC,Toro Company (The),TTC - Toro Company (The)
NYSE,TD,Toronto Dominion Bank (The),TD - Toronto Dominion Bank (The)
NYSE,TTO,Tortoise Capital Resources Corporation,TTO - Tortoise Capital Resources Corporation
NYSE,TYY,Tortoise Energy Capital Corporation,TYY - Tortoise Energy Capital Corporation
NYSE,TYY^B,Tortoise Energy Capital Corporation,TYY^B - Tortoise Energy Capital Corporation
NYSE,TYG,Tortoise Energy Infrastructure Corporation,TYG - Tortoise Energy Infrastructure Corporation
NYSE,TYG^A,Tortoise Energy Infrastructure Corporation,TYG^A - Tortoise Energy Infrastructure Corporation
NYSE,NTG,Tortoise MLP Fund Inc,NTG - Tortoise MLP Fund Inc
NYSE,TYN,Tortoise North American Energy Corporation,TYN - Tortoise North American Energy Corporation
NYSE,TTP,Tortoise Pipeline and Energy Fund Inc,TTP - Tortoise Pipeline and Energy Fund Inc
NYSE,TPZ,Tortoise Power and Energy Infrastructure Fund Inc,TPZ - Tortoise Power and Energy Infrastructure Fund Inc
NYSE,TSS,Total System Services Inc,TSS - Total System Services Inc
NYSE,TOT,TotalFinaElf SA,TOT - TotalFinaElf SA
NYSE,TOWR,Tower International Inc,TOWR - Tower International Inc
NYSE,TW,Towers Watson and Co,TW - Towers Watson and Co
NYSE,TM,Toyota Motor Corp Ltd Ord,TM - Toyota Motor Corp Ltd Ord
NYSE,TAC,TransAlta Corporation,TAC - TransAlta Corporation
NYSE,TAI,Transamerica Income Shares Inc,TAI - Transamerica Income Shares Inc
NYSE,TRP,Transcanada Pipelines Ltd,TRP - Transcanada Pipelines Ltd
NYSE,TCI,Transcontinental Realty Investors Inc,TCI - Transcontinental Realty Investors Inc
NYSE,TDG,Transdigm Group Incorporated,TDG - Transdigm Group Incorporated
NYSE,TLP,Transmontaigne Partners LP,TLP - Transmontaigne Partners LP
NYSE,RIG,Transocean Inc,RIG - Transocean Inc
NYSE,TGS,Transportadora De Gas Sa Ord B,TGS - Transportadora De Gas Sa Ord B
NYSE,TRR,TRC Companies Inc,TRR - TRC Companies Inc
NYSE,TG,Tredegar Corporation,TG - Tredegar Corporation
NYSE,THS,Treehouse Foods Inc,THS - Treehouse Foods Inc
NYSE,TREX,Trex Company Inc,TREX - Trex Company Inc
NYSE,TY,Tri Continental Corporation,TY - Tri Continental Corporation
NYSE,TY^,Tri Continental Corporation,TY^ - Tri Continental Corporation
NYSE,TCAP,Triangle Capital Corporation,TCAP - Triangle Capital Corporation
NYSE,TCC,Triangle Capital Corporation,TCC - Triangle Capital Corporation
NYSE,TSL,Trina Solar Limited,TSL - Trina Solar Limited
NYSE,TRN,Trinity Industries Inc,TRN - Trinity Industries Inc
NYSE,GTS,Triple-S Management Corporation,GTS - Triple-S Management Corporation
NYSE,TGI,Triumph Group Inc,TGI - Triumph Group Inc
NYSE,TBI,TrueBlue Inc,TBI - TrueBlue Inc
NYSE,TZK,Trust Ctfs 2002 1 Bear Stearns Depositor Inc Acting as Deposit,TZK - Trust Ctfs 2002 1 Bear Stearns Depositor Inc Acting as Deposit
NYSE,TRW,TRW Automotive Holdings Corporation,TRW - TRW Automotive Holdings Corporation
NYSE,TNP,Tsakos Energy Navigation Ltd,TNP - Tsakos Energy Navigation Ltd
NYSE,TUP,Tupperware Corporation,TUP - Tupperware Corporation
NYSE,TKC,Turkcell Iletisim Hizmetleri AS,TKC - Turkcell Iletisim Hizmetleri AS
NYSE,TKF,Turkish Investment Fund Inc (The),TKF - Turkish Investment Fund Inc (The)
NYSE,TPC,Tutor Perini Corporation,TPC - Tutor Perini Corporation
NYSE,TWO,Two Harbors Investments Corp,TWO - Two Harbors Investments Corp
NYSE,TYC,Tyco International Ltd (Switzerland),TYC - Tyco International Ltd (Switzerland)
NYSE,TYL,Tyler Technologies Inc,TYL - Tyler Technologies Inc
NYSE,TSN,Tyson Foods Inc,TSN - Tyson Foods Inc
NYSE,USB,US Bancorp,USB - US Bancorp
NYSE,USB^A,US Bancorp,USB^A - US Bancorp
NYSE,USB^H,US Bancorp,USB^H - US Bancorp
NYSE,USB^J,US Bancorp,USB^J - US Bancorp
NYSE,USB^K,US Bancorp,USB^K - US Bancorp
NYSE,USB^L,US Bancorp,USB^L - US Bancorp
NYSE,USB^M,US Bancorp,USB^M - US Bancorp
NYSE,SLCA,US Silica Holdings Inc,SLCA - US Silica Holdings Inc
NYSE,UBS,UBS AG,UBS - UBS AG
NYSE,UBS^D,UBS AG,UBS^D - UBS AG
NYSE,UGI,UGI Corporation,UGI - UGI Corporation
NYSE,UIL,UIL Holdings Corporation,UIL - UIL Holdings Corporation
NYSE,UPL,Ultra Petroleum Corp,UPL - Ultra Petroleum Corp
NYSE,UGP,Ultrapar Participacoes SA,UGP - Ultrapar Participacoes SA
NYSE,UMH,UMH Properties Inc,UMH - UMH Properties Inc
NYSE,UMH^A,UMH Properties Inc,UMH^A - UMH Properties Inc
NYSE,UA,Under Armour Inc,UA - Under Armour Inc
NYSE,UFI,Unifi Inc,UFI - Unifi Inc
NYSE,UNF,Unifirst Corporation,UNF - Unifirst Corporation
NYSE,UN,Unilever NV,UN - Unilever NV
NYSE,UL,Unilever PLC,UL - Unilever PLC
NYSE,UNP,Union Pacific Corporation,UNP - Union Pacific Corporation
NYSE,UNS,UniSource Energy Corporation,UNS - UniSource Energy Corporation
NYSE,UIS,Unisys Corporation,UIS - Unisys Corporation
NYSE,UIS^A,Unisys Corporation,UIS^A - Unisys Corporation
NYSE,UNT,Unit Corporation,UNT - Unit Corporation
NYSE,UAL,United Continental Holdings Inc,UAL - United Continental Holdings Inc
NYSE,UDR,United Dominion Realty Trust Inc,UDR - United Dominion Realty Trust Inc
NYSE,UDR^G,United Dominion Realty Trust Inc,UDR^G - United Dominion Realty Trust Inc
NYSE,UMC,United Microelectronics Corporation,UMC - United Microelectronics Corporation
NYSE,UPS,United Parcel Service Inc,UPS - United Parcel Service Inc
NYSE,URI,United Rentals Inc,URI - United Rentals Inc
NYSE,USM,United States Cellular Corporation,USM - United States Cellular Corporation
NYSE,UZA,United States Cellular Corporation,UZA - United States Cellular Corporation
NYSE,X,United States Steel Corporation,X - United States Steel Corporation
NYSE,UTX,United Technologies Corporation,UTX - United Technologies Corporation
NYSE,UNH,UnitedHealth Group Incorporated,UNH - UnitedHealth Group Incorporated
NYSE,UTL,UNITIL Corporation,UTL - UNITIL Corporation
NYSE,UAM,Universal American Corp,UAM - Universal American Corp
NYSE,UVV,Universal Corporation,UVV - Universal Corporation
NYSE,UHT,Universal Health Realty Income Trust,UHT - Universal Health Realty Income Trust
NYSE,UHS,Universal Health Services Inc,UHS - Universal Health Services Inc
NYSE,UTI,Universal Technical Institute Inc,UTI - Universal Technical Institute Inc
NYSE,UTA,Universal Travel Group,UTA - Universal Travel Group
NYSE,IN,UNOVA Inc,IN - UNOVA Inc
NYSE,UNM,Unum Group,UNM - Unum Group
NYSE,URS,URS Corporation,URS - URS Corporation
NYSE,UBA,Urstadt Biddle Properties Inc,UBA - Urstadt Biddle Properties Inc
NYSE,UBP,Urstadt Biddle Properties Inc,UBP - Urstadt Biddle Properties Inc
NYSE,UBP^C,Urstadt Biddle Properties Inc,UBP^C - Urstadt Biddle Properties Inc
NYSE,UBP^D,Urstadt Biddle Properties Inc,UBP^D - Urstadt Biddle Properties Inc
NYSE,LCC,US Airways Group Inc New,LCC - US Airways Group Inc New
NYSE,USNA,USANA Health Sciences Inc,USNA - USANA Health Sciences Inc
NYSE,USU,USEC Inc,USU - USEC Inc
NYSE,USG,USG Corporation,USG - USG Corporation
NYSE,BIF,USLIFE Income Fund Inc,BIF - USLIFE Income Fund Inc
NYSE,VFC,VF Corporation,VFC - VF Corporation
NYSE,EGY,Vaalco Energy Inc,EGY - Vaalco Energy Inc
NYSE,MTN,Vail Resorts Inc,MTN - Vail Resorts Inc
NYSE,VCI,Valassis Communications Inc,VCI - Valassis Communications Inc
NYSE,CJS,Vale Cap Ltd,CJS - Vale Cap Ltd
NYSE,CJT,Vale Cap Ltd,CJT - Vale Cap Ltd
NYSE,VALE,VALE SA,VALE - VALE SA
NYSE,VALE P,VALE SA,VALE P - VALE SA
NYSE,VRX,Valeant Pharmaceuticals International Inc,VRX - Valeant Pharmaceuticals International Inc
NYSE,VLO,Valero Energy Corporation,VLO - Valero Energy Corporation
NYSE,VHI,Valhi Inc,VHI - Valhi Inc
NYSE,VR,Validus Holdings Ltd,VR - Validus Holdings Ltd
NYSE,VLY,Valley National Bancorp,VLY - Valley National Bancorp
NYSE,VLY WS,Valley National Bancorp,VLY WS - Valley National Bancorp
NYSE,VLY^A,Valley National Bancorp,VLY^A - Valley National Bancorp
NYSE,VMI,Valmont Industries Inc,VMI - Valmont Industries Inc
NYSE,VAL,Valspar Corporation (The),VAL - Valspar Corporation (The)
NYSE,VIT,Vanceinfo Technologies Inc,VIT - Vanceinfo Technologies Inc
NYSE,VHS,Vanguard Health Systems Inc,VHS - Vanguard Health Systems Inc
NYSE,VNR,Vanguard Natural Resources LLC,VNR - Vanguard Natural Resources LLC
NYSE,VNTV,Vantiv Inc,VNTV - Vantiv Inc
NYSE,VAR,Varian Medical Systems Inc,VAR - Varian Medical Systems Inc
NYSE,VGR,Vector Group Ltd,VGR - Vector Group Ltd
NYSE,VVC,Vectren Corporation,VVC - Vectren Corporation
NYSE,VQ,Venoco Inc,VQ - Venoco Inc
NYSE,VTR,Ventas Inc,VTR - Ventas Inc
NYSE,VE,Veolia Environnement,VE - Veolia Environnement
NYSE,PAY,Verifone Systems Inc,PAY - Verifone Systems Inc
NYSE,VZ,Verizon Communications Inc,VZ - Verizon Communications Inc
NYSE,VRS,Verso Paper Corp,VRS - Verso Paper Corp
NYSE,VVI,Viad Corp,VVI - Viad Corp
NYSE,VCO,Vina Concha Y Toro,VCO - Vina Concha Y Toro
NYSE,VIPS,Vipshop Holdings Limited,VIPS - Vipshop Holdings Limited
NYSE,VEL^E,Virginia Electric and Power Company,VEL^E - Virginia Electric and Power Company
NYSE,VGI,Virtus Global Multi-Sector Income Fund,VGI - Virtus Global Multi-Sector Income Fund
NYSE,DCA,Virtus Total Return Fund,DCA - Virtus Total Return Fund
NYSE,V,Visa Inc,V - Visa Inc
NYSE,VSH,Vishay Intertechnology Inc,VSH - Vishay Intertechnology Inc
NYSE,VPG,Vishay Precision Group Inc,VPG - Vishay Precision Group Inc
NYSE,VC,Visteon Corporation,VC - Visteon Corporation
NYSE,VSI,Vitamin Shoppe Inc,VSI - Vitamin Shoppe Inc
NYSE,VMW,Vmware Inc,VMW - Vmware Inc
NYSE,VOC,VOC Energy Trust,VOC - VOC Energy Trust
NYSE,VCRA,Vocera Communications Inc,VCRA - Vocera Communications Inc
NYSE,VG,Vonage Holdings Corp,VG - Vonage Holdings Corp
NYSE,VNOD,Vornado Realty LP,VNOD - Vornado Realty LP
NYSE,VNO,Vornado Realty Trust,VNO - Vornado Realty Trust
NYSE,VNO^A,Vornado Realty Trust,VNO^A - Vornado Realty Trust
NYSE,VNO^E,Vornado Realty Trust,VNO^E - Vornado Realty Trust
NYSE,VNO^F,Vornado Realty Trust,VNO^F - Vornado Realty Trust
NYSE,VNO^G,Vornado Realty Trust,VNO^G - Vornado Realty Trust
NYSE,VNO^H,Vornado Realty Trust,VNO^H - Vornado Realty Trust
NYSE,VNO^I,Vornado Realty Trust,VNO^I - Vornado Realty Trust
NYSE,VNO^J,Vornado Realty Trust,VNO^J - Vornado Realty Trust
NYSE,VMC,Vulcan Materials Company,VMC - Vulcan Materials Company
NYSE,WTI,WandT Offshore Inc,WTI - WandT Offshore Inc
NYSE,WPC,WP Carey and Co LLC,WPC - WP Carey and Co LLC
NYSE,WRB,WR Berkley Corporation,WRB - WR Berkley Corporation
NYSE,WRB^A,WR Berkley Corporation,WRB^A - WR Berkley Corporation
NYSE,GRA,WR Grace and Co,GRA - WR Grace and Co
NYSE,GWW,WW Grainger Inc,GWW - WW Grainger Inc
NYSE,WNC,Wabash National Corporation,WNC - Wabash National Corporation
NYSE,WBC,Wabco Holdings Inc,WBC - Wabco Holdings Inc
NYSE,WB^B CL,WACHOVIA CORP,WB^B CL - WACHOVIA CORP
NYSE,WB^C,WACHOVIA CORP,WB^C - WACHOVIA CORP
NYSE,WNA^,Wachovia Corporation,WNA^ - Wachovia Corporation
NYSE,WDR,Waddell and Reed Financial Inc,WDR - Waddell and Reed Financial Inc
NYSE,WAG,Walgreen Co,WAG - Walgreen Co
NYSE,WD,Walker and Dunlop Inc,WD - Walker and Dunlop Inc
NYSE,WMT,Wal-Mart Stores Inc,WMT - Wal-Mart Stores Inc
NYSE,DIS,Walt Disney Company (The),DIS - Walt Disney Company (The)
NYSE,WLT,Walter Energy Inc,WLT - Walter Energy Inc
NYSE,WRC,Warnaco Group Inc (The),WRC - Warnaco Group Inc (The)
NYSE,WPO,Washington Post Company (The),WPO - Washington Post Company (The)
NYSE,WRE,Washington Real Estate Investment Trust,WRE - Washington Real Estate Investment Trust
NYSE,WCN,Waste Connections Inc,WCN - Waste Connections Inc
NYSE,WM,Waste Management Inc,WM - Waste Management Inc
NYSE,WAT,Waters Corporation,WAT - Waters Corporation
NYSE,WSO,Watsco Inc,WSO - Watsco Inc
NYSE,WPI,Watson Pharmaceuticals Inc,WPI - Watson Pharmaceuticals Inc
NYSE,WTS,Watts Water Technologies Inc,WTS - Watts Water Technologies Inc
NYSE,WPP,Wausau Paper Corp,WPP - Wausau Paper Corp
NYSE,WFT,Weatherford International Ltd,WFT - Weatherford International Ltd
NYSE,WBS,Webster Financial Corporation,WBS - Webster Financial Corporation
NYSE,WBS WS,Webster Financial Corporation,WBS WS - Webster Financial Corporation
NYSE,WTW,Weight Watchers International Inc,WTW - Weight Watchers International Inc
NYSE,WRD,Weingarten Realty Investors,WRD - Weingarten Realty Investors
NYSE,WRI,Weingarten Realty Investors,WRI - Weingarten Realty Investors
NYSE,WRI^D,Weingarten Realty Investors,WRI^D - Weingarten Realty Investors
NYSE,WRI^E,Weingarten Realty Investors,WRI^E - Weingarten Realty Investors
NYSE,WRI^F,Weingarten Realty Investors,WRI^F - Weingarten Realty Investors
NYSE,WMK,Weis Markets Inc,WMK - Weis Markets Inc
NYSE,WCG,WellCare Helath Plans Inc,WCG - WellCare Helath Plans Inc
NYSE,WLP,WellPoint Inc,WLP - WellPoint Inc
NYSE,BWF,Wells Fargo and Company,BWF - Wells Fargo and Company
NYSE,FWF,Wells Fargo and Company,FWF - Wells Fargo and Company
NYSE,GWF,Wells Fargo and Company,GWF - Wells Fargo and Company
NYSE,JWF,Wells Fargo and Company,JWF - Wells Fargo and Company
NYSE,WFC,Wells Fargo and Company,WFC - Wells Fargo and Company
NYSE,WFC WS,Wells Fargo and Company,WFC WS - Wells Fargo and Company
NYSE,WFC^J,Wells Fargo and Company,WFC^J - Wells Fargo and Company
NYSE,WFC^L,Wells Fargo and Company,WFC^L - Wells Fargo and Company
NYSE,WPK,Wells Fargo and Company,WPK - Wells Fargo and Company
NYSE,EOD,Wells Fargo Advantage Global Dividend Opportunity Fund,EOD - Wells Fargo Advantage Global Dividend Opportunity Fund
NYSE,WAIR,Wesco Aircraft Holdings Inc,WAIR - Wesco Aircraft Holdings Inc
NYSE,WCC,WESCO International Inc,WCC - WESCO International Inc
NYSE,WST,West Pharmaceutical Services Inc,WST - West Pharmaceutical Services Inc
NYSE,WR,Westar Energy Inc,WR - Westar Energy Inc
NYSE,WRS,Westar Energy Inc,WRS - Westar Energy Inc
NYSE,WAL,Western Alliance Bancorporation,WAL - Western Alliance Bancorporation
NYSE,WEA,Western Asset Bond Fund,WEA - Western Asset Bond Fund
NYSE,ESD,Western Asset Emerging Markets Debt Fund Inc,ESD - Western Asset Emerging Markets Debt Fund Inc
NYSE,EMD,Western Asset Emerging Markets Income Fund Inc,EMD - Western Asset Emerging Markets Income Fund Inc
NYSE,GDO,Western Asset Global Corporate Defined Opportunity Fund Inc,GDO - Western Asset Global Corporate Defined Opportunity Fund Inc
NYSE,EHI,Western Asset Global High Income Fund Inc,EHI - Western Asset Global High Income Fund Inc
NYSE,GDF,Western Asset Global Partners Income Fund Inc,GDF - Western Asset Global Partners Income Fund Inc
NYSE,HIX,Western Asset High Income Fund II Inc,HIX - Western Asset High Income Fund II Inc
NYSE,HIF,Western Asset High Income Fund Inc,HIF - Western Asset High Income Fund Inc
NYSE,HIO,Western Asset High Income Opportunity Fund Inc,HIO - Western Asset High Income Opportunity Fund Inc
NYSE,HYI,Western Asset High Yield Defined Opportunity Fund Inc,HYI - Western Asset High Yield Defined Opportunity Fund Inc
NYSE,IMF,Western Asset Inflation Management Fund Inc,IMF - Western Asset Inflation Management Fund Inc
NYSE,IGI,Western Asset Investment Grade Defined Opportunity Trust Inc,IGI - Western Asset Investment Grade Defined Opportunity Trust Inc
NYSE,MHY,Western Asset Managed High Income Fund Inc,MHY - Western Asset Managed High Income Fund Inc
NYSE,MMU,Western Asset Managed Municipals Fund Inc,MMU - Western Asset Managed Municipals Fund Inc
NYSE,DMO,Western Asset Mortgage Defined Opportunity Fund Inc,DMO - Western Asset Mortgage Defined Opportunity Fund Inc
NYSE,MTT,Western Asset Municipal Defined Opportunity Trust Inc,MTT - Western Asset Municipal Defined Opportunity Trust Inc
NYSE,MHF,Western Asset Municipal High Income Fund Inc,MHF - Western Asset Municipal High Income Fund Inc
NYSE,MNP,Western Asset Municipal Partners Fund Inc,MNP - Western Asset Municipal Partners Fund Inc
NYSE,GFY,Western Asset Variable Rate Strategic Fund Inc,GFY - Western Asset Variable Rate Strategic Fund Inc
NYSE,SBW,Western Asset Worldwide Income Fund Inc,SBW - Western Asset Worldwide Income Fund Inc
NYSE,WIW,Western Asset Claymore US Treasury Inflation Prot Secs Fd 2,WIW - Western Asset Claymore US Treasury Inflation Prot Secs Fd 2
NYSE,WIA,Western Asset Claymore US Treasury Inflation Prot Secs Fd,WIA - Western Asset Claymore US Treasury Inflation Prot Secs Fd
NYSE,WDC,Western Digital Corporation,WDC - Western Digital Corporation
NYSE,WES,Western Gas Partners LP,WES - Western Gas Partners LP
NYSE,WNR,Western Refining Inc,WNR - Western Refining Inc
NYSE,WU,Western Union Company (The),WU - Western Union Company (The)
NYSE,WAB,Westinghouse Air Brake Technologies Corporation,WAB - Westinghouse Air Brake Technologies Corporation
NYSE,WLK,Westlake Chemical Corporation,WLK - Westlake Chemical Corporation
NYSE,WBK,Westpac Banking Corporation,WBK - Westpac Banking Corporation
NYSE,WHG,Westwood Holdings Group Inc,WHG - Westwood Holdings Group Inc
NYSE,WY,Weyerhaeuser Company,WY - Weyerhaeuser Company
NYSE,WGL,WGL Holdings Inc,WGL - WGL Holdings Inc
NYSE,WHR,Whirlpool Corporation,WHR - Whirlpool Corporation
NYSE,WTM,White Mountains Insurance Group Ltd,WTM - White Mountains Insurance Group Ltd
NYSE,WLL,Whiting Petroleum Corporation,WLL - Whiting Petroleum Corporation
NYSE,WLL^A,Whiting Petroleum Corporation,WLL^A - Whiting Petroleum Corporation
NYSE,WHX,Whiting USA Trust I,WHX - Whiting USA Trust I
NYSE,WHZ,Whiting USA Trust II,WHZ - Whiting USA Trust II
NYSE,WG,Willbros Group Inc,WG - Willbros Group Inc
NYSE,WMB,Williams Companies Inc (The),WMB - Williams Companies Inc (The)
NYSE,WPZ,Williams Partners LP,WPZ - Williams Partners LP
NYSE,WSM,Williams-Sonoma Inc,WSM - Williams-Sonoma Inc
NYSE,WSH,Willis Group Holdings Limited,WSH - Willis Group Holdings Limited
NYSE,WGO,Winnebago Industries Inc,WGO - Winnebago Industries Inc
NYSE,FUR,Winthrop Realty Trust,FUR - Winthrop Realty Trust
NYSE,FUR^D,Winthrop Realty Trust,FUR^D - Winthrop Realty Trust
NYSE,WIT,Wipro Limited,WIT - Wipro Limited
NYSE,WEC,Wisconsin Energy Corporation,WEC - Wisconsin Energy Corporation
NYSE,WMS,WMS Industries Inc,WMS - WMS Industries Inc