NYSE,CLP,Colonial Properties Trust,CLP - Colonial Properties Trust
NYSE,CLNY,Colony Financial Inc,CLNY - Colony Financial Inc
NYSE,CLNY^A,Colony Financial Inc,CLNY^A - Colony Financial Inc
NYSE,STK,Columbia Seligman Premium Technology Growth Fund Inc,STK - Columbia Seligman Premium Technology Growth Fund Inc
NYSE,CCS,Comcast Corporation,CCS - Comcast Corporation
NYSE,CCW CL,Comcast Corporation,CCW CL - Comcast Corporation
NYSE,CCZ,Comcast Corporation,CCZ - Comcast Corporation
NYSE,CMA,Comerica Incorporated,CMA - Comerica Incorporated
NYSE,CMA WS,Comerica Incorporated,CMA WS - Comerica Incorporated
NYSE,FIX,Comfort Systems USA Inc,FIX - Comfort Systems USA Inc
NYSE,CMC,Commercial Metals Company,CMC - Commercial Metals Company
NYSE,CWH,CommonWealth REIT,CWH - CommonWealth REIT
NYSE,CWH^C,CommonWealth REIT,CWH^C - CommonWealth REIT
NYSE,CWH^D,CommonWealth REIT,CWH^D - CommonWealth REIT
NYSE,CWH^E,CommonWealth REIT,CWH^E - CommonWealth REIT
NYSE,CWHN,CommonWealth REIT,CWHN - CommonWealth REIT
NYSE,CBU,Community Bank System Inc,CBU - Community Bank System Inc
NYSE,CYH,Community Health Systems Inc,CYH - Community Health Systems Inc
NYSE,CIG,Comp En De Mn Cemig ADS,CIG - Comp En De Mn Cemig ADS
NYSE,CIG C,Comp En De Mn Cemig ADS,CIG C - Comp En De Mn Cemig ADS
NYSE,CGV,Compagnie Generale de Geophysique-Veritas,CGV - Compagnie Generale de Geophysique-Veritas
NYSE,CBD,Companhia Brasileira de Distribuicao,CBD - Companhia Brasileira de Distribuicao
NYSE,ABV,Companhia de Bebidas das Americas - AmBev,ABV - Companhia de Bebidas das Americas - AmBev
NYSE,ABV C,Companhia de Bebidas das Americas - AmBev,ABV C - Companhia de Bebidas das Americas - AmBev
NYSE,SBS,Companhia de saneamento Basico Do Estado De Sao Paulo - Sabesp,SBS - Companhia de saneamento Basico Do Estado De Sao Paulo - Sabesp
NYSE,ELP,Companhia Paranaense de Energia (COPEL),ELP - Companhia Paranaense de Energia (COPEL)
NYSE,CCU,Compania Cervecerias Unidas SA,CCU - Compania Cervecerias Unidas SA
NYSE,BVN,Compania Mina Buenaventura SA,BVN - Compania Mina Buenaventura SA
NYSE,CODI,Compass Diversified Holdings,CODI - Compass Diversified Holdings
NYSE,CMP,Compass Minerals Intl Inc,CMP - Compass Minerals Intl Inc
NYSE,CSC,Computer Sciences Corporation,CSC - Computer Sciences Corporation
NYSE,CRK,Comstock Resources Inc,CRK - Comstock Resources Inc
NYSE,CAG,ConAgra Foods Inc,CAG - ConAgra Foods Inc
NYSE,CXO,Concho Resources Inc,CXO - Concho Resources Inc
NYSE,CCM,Concord Medical Services Holdings Limited,CCM - Concord Medical Services Holdings Limited
NYSE,COP,ConocoPhillips,COP - ConocoPhillips
NYSE,CNX,CONSOL Energy Inc,CNX - CONSOL Energy Inc
NYSE,ED,Consolidated Edison Company of New York Inc,ED - Consolidated Edison Company of New York Inc
NYSE,ED^A CL,Consolidated Edison Company of New York Inc,ED^A CL - Consolidated Edison Company of New York Inc
NYSE,ED^C CL,Consolidated Edison Company of New York Inc,ED^C CL - Consolidated Edison Company of New York Inc
NYSE,CGX,Consolidated Graphics Inc,CGX - Consolidated Graphics Inc
NYSE,STZ,Constellation Brands Inc,STZ - Constellation Brands Inc
NYSE,STZ B,Constellation Brands Inc,STZ B - Constellation Brands Inc
NYSE,CEG^A,Constellation Energy Group Inc,CEG^A - Constellation Energy Group Inc
NYSE,CLR,Continental Resources Inc,CLR - Continental Resources Inc
NYSE,CVG,Convergys Corporation,CVG - Convergys Corporation
NYSE,COO,Cooper Companies Inc (The),COO - Cooper Companies Inc (The)
NYSE,CBE,Cooper Industries plc,CBE - Cooper Industries plc
NYSE,CTB,Cooper Tire and Rubber Company,CTB - Cooper Tire and Rubber Company
NYSE,CPA,Copa Holdings SA,CPA - Copa Holdings SA
NYSE,BAK,Copene-Petroquimica do Nordeste,BAK - Copene-Petroquimica do Nordeste
NYSE,CLB,Core Laboratories NV,CLB - Core Laboratories NV
NYSE,CLGX,CoreLogic Inc,CLGX - CoreLogic Inc
NYSE,COR,CoreSite Realty Corporation,COR - CoreSite Realty Corporation
NYSE,CPO,Corn Products International Inc,CPO - Corn Products International Inc
NYSE,GLW,Corning Incorporated,GLW - Corning Incorporated
NYSE,BCA,Corpbanca,BCA - Corpbanca
NYSE,GYA,Corporate Asset Backed Corp CABCO,GYA - Corporate Asset Backed Corp CABCO
NYSE,GYC,Corporate Asset Backed Corp CABCO,GYC - Corporate Asset Backed Corp CABCO
NYSE,OFC,Corporate Office Properties Trust,OFC - Corporate Office Properties Trust
NYSE,OFC^G,Corporate Office Properties Trust,OFC^G - Corporate Office Properties Trust
NYSE,OFC^H,Corporate Office Properties Trust,OFC^H - Corporate Office Properties Trust
NYSE,OFC^J,Corporate Office Properties Trust,OFC^J - Corporate Office Properties Trust
NYSE,CXW,Corrections Corporation of America,CXW - Corrections Corporation of America
NYSE,CZZ,Cosan Limited,CZZ - Cosan Limited
NYSE,CMRE,Costamare Inc,CMRE - Costamare Inc
NYSE,COT,Cott Corporation,COT - Cott Corporation
NYSE,CCSC,Country Style Cooking,CCSC - Country Style Cooking
NYSE,CFC^A,Countrywide Financial Corporation,CFC^A - Countrywide Financial Corporation
NYSE,CFC^B,Countrywide Financial Corporation,CFC^B - Countrywide Financial Corporation
NYSE,CUZ,Cousins Properties Incorporated,CUZ - Cousins Properties Incorporated
NYSE,CUZ^A,Cousins Properties Incorporated,CUZ^A - Cousins Properties Incorporated
NYSE,CUZ^B,Cousins Properties Incorporated,CUZ^B - Cousins Properties Incorporated
NYSE,CVD,Covance Inc,CVD - Covance Inc
NYSE,CVA,Covanta Holding Corporation,CVA - Covanta Holding Corporation
NYSE,CVH,Coventry Health Care Inc,CVH - Coventry Health Care Inc
NYSE,COV,Covidien plc,COV - Covidien plc
NYSE,CPF,CPB Inc,CPF - CPB Inc
NYSE,CPL,CPFL Energia SA,CPL - CPFL Energia SA
NYSE,ZY^A,Cqs Test Secid,ZY^A - Cqs Test Secid
NYSE,CR,Crane Company,CR - Crane Company
NYSE,CRD A,Crawford and Company,CRD A - Crawford and Company
NYSE,CRD B,Crawford and Company,CRD B - Crawford and Company
NYSE,BAP,Credicorp Ltd,BAP - Credicorp Ltd
NYSE,CS,Credit Suisse Group,CS - Credit Suisse Group
NYSE,CRP,Credit Suisse Guernsey BRH,CRP - Credit Suisse Guernsey BRH
NYSE,CMLP,Crestwood Midstream Partners LP,CMLP - Crestwood Midstream Partners LP
NYSE,CXS,Crexus Investment Corp,CXS - Crexus Investment Corp
NYSE,CRH,CRH PLC,CRH - CRH PLC
NYSE,CRT,Cross Timbers Royalty Trust,CRT - Cross Timbers Royalty Trust
NYSE,CCI,Crown Castle International Corporation,CCI - Crown Castle International Corporation
NYSE,CCK,Crown Cork and Seal Company Inc,CCK - Crown Cork and Seal Company Inc
NYSE,CRY,CryoLife Inc,CRY - CryoLife Inc
NYSE,CSS,CSS Industries Inc,CSS - CSS Industries Inc
NYSE,CSX,CSX Corporation,CSX - CSX Corporation
NYSE,CTS,CTS Corporation,CTS - CTS Corporation
NYSE,CUBE,CubeSmart,CUBE - CubeSmart
NYSE,CUBE^A,CubeSmart,CUBE^A - CubeSmart
NYSE,CUB,Cubic Corporation,CUB - Cubic Corporation
NYSE,CFR,Cullen Frost Bankers Inc,CFR - Cullen Frost Bankers Inc
NYSE,CFI,Culp Inc,CFI - Culp Inc
NYSE,CMI,Cummins Inc,CMI - Cummins Inc
NYSE,CW,Curtiss-Wright Corporation,CW - Curtiss-Wright Corporation
NYSE,CSI,Cutwater Select Income Fund,CSI - Cutwater Select Income Fund
NYSE,CVI,CVR Energy Inc,CVI - CVR Energy Inc
NYSE,UAN,CVR Partners LP,UAN - CVR Partners LP
NYSE,CVS,CVS Corporation,CVS - CVS Corporation
NYSE,CYS,Cypress Sharpridge Investments Inc,CYS - Cypress Sharpridge Investments Inc
NYSE,CYT,Cytec Industries Inc,CYT - Cytec Industries Inc
NYSE,DHI,DR Horton Inc,DHI - DR Horton Inc
NYSE,DAN,Dana Holding Corporation,DAN - Dana Holding Corporation
NYSE,DHR,Danaher Corporation,DHR - Danaher Corporation
NYSE,DAC,Danaos Corporation,DAC - Danaos Corporation
NYSE,DQ,DAQQ New Energy Corp,DQ - DAQQ New Energy Corp
NYSE,DRI,Darden Restaurants Inc,DRI - Darden Restaurants Inc
NYSE,DAR,Darling International Inc,DAR - Darling International Inc
NYSE,DVA,DaVita Inc,DVA - DaVita Inc
NYSE,DPM,DCP Midstream Partners LP,DPM - DCP Midstream Partners LP
NYSE,DCT,DCT Industrial Trust Inc,DCT - DCT Industrial Trust Inc
NYSE,DF,Dean Foods Company,DF - Dean Foods Company
NYSE,DE,Deere and Company,DE - Deere and Company
NYSE,DEX,Delaware Enhanced Global Dividend,DEX - Delaware Enhanced Global Dividend
NYSE,DDF,Delaware Investments Dividend and Income Fund Inc,DDF - Delaware Investments Dividend and Income Fund Inc
NYSE,DK,Delek US Holdings Inc,DK - Delek US Holdings Inc
NYSE,DLPH,Delphi Automotive plc,DLPH - Delphi Automotive plc
NYSE,DFG,Delphi Financial Group Inc,DFG - Delphi Financial Group Inc
NYSE,DFP,Delphi Financial Group Inc,DFP - Delphi Financial Group Inc
NYSE,DAL,Delta Air Lines Inc (New),DAL - Delta Air Lines Inc (New)
NYSE,DEL,Deltic Timber Corporation,DEL - Deltic Timber Corporation
NYSE,DLX,Deluxe Corporation,DLX - Deluxe Corporation
NYSE,DMD,Demand Media Inc,DMD - Demand Media Inc
NYSE,DWRE,DEMANDWARE INC,DWRE - DEMANDWARE INC
NYSE,DNR,Denbury Resources Inc (Holding Company),DNR - Denbury Resources Inc (Holding Company)
NYSE,HXM,Desarrolladora Homex,HXM - Desarrolladora Homex
NYSE,DKT,Deutsch Bk Contingent Cap Tr V,DKT - Deutsch Bk Contingent Cap Tr V
NYSE,DB,Deutsche Bank AG,DB - Deutsche Bank AG
NYSE,DTK,Deutsche Bank AG,DTK - Deutsche Bank AG
NYSE,DTT,Deutsche Bank AG,DTT - Deutsche Bank AG
NYSE,DUA,Deutsche Bank AG,DUA - Deutsche Bank AG
NYSE,DXB,Deutsche Bank AG,DXB - Deutsche Bank AG
NYSE,DCE,Deutsche Bk Cap Fdg Tr X,DCE - Deutsche Bk Cap Fdg Tr X
NYSE,DDR,Developers Diversified Realty Corporation,DDR - Developers Diversified Realty Corporation
NYSE,DDR^H,Developers Diversified Realty Corporation,DDR^H - Developers Diversified Realty Corporation
NYSE,DDR^I,Developers Diversified Realty Corporation,DDR^I - Developers Diversified Realty Corporation
NYSE,DVN,Devon Energy Corporation,DVN - Devon Energy Corporation
NYSE,DV,DeVry Inc,DV - DeVry Inc
NYSE,DEXO,Dex One Corporation,DEXO - Dex One Corporation
NYSE,DHT,DHT Holdings Inc,DHT - DHT Holdings Inc
NYSE,DEO,Diageo plc,DEO - Diageo plc
NYSE,DO,Diamond Offshore Drilling Inc,DO - Diamond Offshore Drilling Inc
NYSE,DRH,Diamondrock Hospitality Company,DRH - Diamondrock Hospitality Company
NYSE,DSX,Diana Shipping inc,DSX - Diana Shipping inc
NYSE,DHX,Dice Holdings Inc,DHX - Dice Holdings Inc
NYSE,DKS,Dickand#39;s Sporting Goods Inc,DKS - Dickand#39;s Sporting Goods Inc
NYSE,DBD,Diebold Incorporated,DBD - Diebold Incorporated
NYSE,DDMG,Digital Domain Media Group Inc,DDMG - Digital Domain Media Group Inc
NYSE,DLR,Digital Realty Trust Inc,DLR - Digital Realty Trust Inc
NYSE,DLR^E,Digital Realty Trust Inc,DLR^E - Digital Realty Trust Inc
NYSE,DGI,DigitalGlobe Inc,DGI - DigitalGlobe Inc
NYSE,DDS,Dillardand#39;s Inc,DDS - Dillardand#39;s Inc
NYSE,DDT,Dillardand#39;s Inc,DDT - Dillardand#39;s Inc
NYSE,DIN,DineEquity Inc,DIN - DineEquity Inc
NYSE,DFS,Discover Financial Services,DFS - Discover Financial Services
NYSE,DNI,Dividend and Income Fund Inc,DNI - Dividend and Income Fund Inc
NYSE,DM,Dolan Company (The),DM - Dolan Company (The)
NYSE,DLB,Dolby Laboratories,DLB - Dolby Laboratories
NYSE,DOLE,Dole Food Company Inc,DOLE - Dole Food Company Inc
NYSE,DG,Dollar General Corporation,DG - Dollar General Corporation
NYSE,DTG,Dollar Thrifty Automotive Group Inc,DTG - Dollar Thrifty Automotive Group Inc
NYSE,DOM,Dominion Resources Black Warrior Trust,DOM - Dominion Resources Black Warrior Trust
NYSE,D,Dominion Resources Inc,D - Dominion Resources Inc
NYSE,DRU,Dominion Resources Inc,DRU - Dominion Resources Inc
NYSE,DPZ,Dominoand#39;s Pizza Inc,DPZ - Dominoand#39;s Pizza Inc
NYSE,UFS,Domtar Corporation,UFS - Domtar Corporation
NYSE,DCI,Donaldson Company Inc,DCI - Donaldson Company Inc
NYSE,DRL,Doral Financial Corporation,DRL - Doral Financial Corporation
NYSE,DBL,DoubleLine Opportunistic Credit Fund,DBL - DoubleLine Opportunistic Credit Fund
NYSE,PLOW,Douglas Dynamics Inc,PLOW - Douglas Dynamics Inc
NYSE,DEI,Douglas Emmett Inc,DEI - Douglas Emmett Inc
NYSE,DOV,Dover Corporation,DOV - Dover Corporation
NYSE,DVD,Dover Downs Entertainment Inc,DVD - Dover Downs Entertainment Inc
NYSE,DDE,Dover Downs Gaming and Entertainment Inc,DDE - Dover Downs Gaming and Entertainment Inc
NYSE,DPD,Dow 30 Premium,DPD - Dow 30 Premium
NYSE,DPO,Dow 30 Premium,DPO - Dow 30 Premium
NYSE,DOW,Dow Chemical Company (The),DOW - Dow Chemical Company (The)
NYSE,DPS,Dr Pepper Snapple Group Inc,DPS - Dr Pepper Snapple Group Inc
NYSE,RDY,Dr Reddyand#39;s Laboratories Ltd,RDY - Dr Reddyand#39;s Laboratories Ltd
NYSE,DRD,DRDGOLD Limited,DRD - DRDGOLD Limited
NYSE,DRC,Dresser-Rand Group Inc,DRC - Dresser-Rand Group Inc
NYSE,DW,Drew Industries Incorporated,DW - Drew Industries Incorporated
NYSE,DHF,Dreyfus High Yield Strategies Fund,DHF - Dreyfus High Yield Strategies Fund
NYSE,DSM,Dreyfus Strategic Municipal Bond Fund Inc,DSM - Dreyfus Strategic Municipal Bond Fund Inc
NYSE,LEO,Dreyfus Strategic Municipals Inc,LEO - Dreyfus Strategic Municipals Inc
NYSE,DRQ,Dril-Quip Inc,DRQ - Dril-Quip Inc
NYSE,DST,DST Systems Inc,DST - DST Systems Inc
NYSE,DSW,DSW Inc,DSW - DSW Inc
NYSE,DTE,DTE Energy Company,DTE - DTE Energy Company
NYSE,DTZ,DTE Energy Company,DTZ - DTE Energy Company
NYSE,DCO,Ducommun Incorporated,DCO - Ducommun Incorporated
NYSE,DUF,Duff and Phelps Corporation,DUF - Duff and Phelps Corporation
NYSE,DPG,Duff and Phelps Global Utility Income Fund Inc,DPG - Duff and Phelps Global Utility Income Fund Inc
NYSE,DNP,Duff and Phelps Utilities Income Inc,DNP - Duff and Phelps Utilities Income Inc
NYSE,DTF,Duff and Phelps Utilities Tax-Free Income Inc,DTF - Duff and Phelps Utilities Tax-Free Income Inc
NYSE,DUC,Duff and Phelps Utility and Corporate Bond Trust Inc,DUC - Duff and Phelps Utility and Corporate Bond Trust Inc
NYSE,DUK,Duke Energy Corporation,DUK - Duke Energy Corporation
NYSE,DRE,Duke Realty Corporation,DRE - Duke Realty Corporation
NYSE,DRE^J,Duke Realty Corporation,DRE^J - Duke Realty Corporation
NYSE,DRE^K,Duke Realty Corporation,DRE^K - Duke Realty Corporation
NYSE,DRE^L,Duke Realty Corporation,DRE^L - Duke Realty Corporation
NYSE,DRE^O,Duke Realty Corporation,DRE^O - Duke Realty Corporation
NYSE,DNB,Dun and Bradstreet Corporation (The),DNB - Dun and Bradstreet Corporation (The)
NYSE,DFT,Dupont Fabros Technology Inc,DFT - Dupont Fabros Technology Inc
NYSE,DFT^A,Dupont Fabros Technology Inc,DFT^A - Dupont Fabros Technology Inc
NYSE,DFT^B,Dupont Fabros Technology Inc,DFT^B - Dupont Fabros Technology Inc
NYSE,DHG,DWS High Income Opportunities Fund Inc,DHG - DWS High Income Opportunities Fund Inc
NYSE,DY,Dycom Industries Inc,DY - Dycom Industries Inc
NYSE,DYN,Dynegy Inc,DYN - Dynegy Inc
NYSE,DX,Dynex Capital Inc,DX - Dynex Capital Inc
NYSE,DD,EI du Pont de Nemours and Company,DD - EI du Pont de Nemours and Company
NYSE,DD^A,EI du Pont de Nemours and Company,DD^A - EI du Pont de Nemours and Company
NYSE,DD^B,EI du Pont de Nemours and Company,DD^B - EI du Pont de Nemours and Company
NYSE,SSP,EW Scripps Company (The),SSP - EW Scripps Company (The)
NYSE,EXP,Eagle Materials Inc,EXP - Eagle Materials Inc
NYSE,NGT,Eastern American Natural Gas Trust,NGT - Eastern American Natural Gas Trust
NYSE,EGP,EastGroup Properties Inc,EGP - EastGroup Properties Inc
NYSE,EMN,Eastman Chemical Company,EMN - Eastman Chemical Company
NYSE,ETN,Eaton Corporation,ETN - Eaton Corporation
NYSE,ETV,Eaton Vance Corporation,ETV - Eaton Vance Corporation
NYSE,ETW,Eaton Vance Corporation,ETW - Eaton Vance Corporation
NYSE,EV,Eaton Vance Corporation,EV - Eaton Vance Corporation
NYSE,EOI,Eaton Vance Enhance Equity Income Fund,EOI - Eaton Vance Enhance Equity Income Fund
NYSE,EOS,Eaton Vance Enhanced Equity Income Fund II,EOS - Eaton Vance Enhanced Equity Income Fund II
NYSE,EFT,Eaton Vance Floating Rate Income Trust,EFT - Eaton Vance Floating Rate Income Trust
NYSE,EOT,Eaton Vance Municipal Income Trust,EOT - Eaton Vance Municipal Income Trust
NYSE,EVN,Eaton Vance Municipal Income Trust,EVN - Eaton Vance Municipal Income Trust
NYSE,ETJ,Eaton Vance Risk-Managed Diversified Equity Income Fund,ETJ - Eaton Vance Risk-Managed Diversified Equity Income Fund
NYSE,EFR,Eaton Vance Senior Floating-Rate Fund,EFR - Eaton Vance Senior Floating-Rate Fund
NYSE,EVF,Eaton Vance Senior Income Trust,EVF - Eaton Vance Senior Income Trust
NYSE,EVG,Eaton Vance Short Diversified Income Fund,EVG - Eaton Vance Short Diversified Income Fund
NYSE,EVT,Eaton Vance Tax Advantaged Dividend Income Fund,EVT - Eaton Vance Tax Advantaged Dividend Income Fund
NYSE,ETO,Eaton Vance Tax-Advantage Global Dividend Opp,ETO - Eaton Vance Tax-Advantage Global Dividend Opp
NYSE,EXD,Eaton Vance Tax-Advantaged Bond,EXD - Eaton Vance Tax-Advantaged Bond
NYSE,ETG,Eaton Vance Tax-Advantaged Global Dividend Income Fund,ETG - Eaton Vance Tax-Advantaged Global Dividend Income Fund
NYSE,ETB,Eaton Vance Tax-Managed Buy-Write Income Fund,ETB - Eaton Vance Tax-Managed Buy-Write Income Fund
NYSE,ETY,Eaton Vance Tax-Managed Diversified Equity Income Fund,ETY - Eaton Vance Tax-Managed Diversified Equity Income Fund
NYSE,EXG,Eaton Vance Tax-Managed Global Diversified Equity Income Fund,EXG - Eaton Vance Tax-Managed Global Diversified Equity Income Fund
NYSE,ECT,ECA Marcellus Trust I,ECT - ECA Marcellus Trust I
NYSE,ECL,Ecolab Inc,ECL - Ecolab Inc
NYSE,DANG,E-Commerce China Dangdang Inc,DANG - E-Commerce China Dangdang Inc
NYSE,EC,Ecopetrol SA,EC - Ecopetrol SA
NYSE,EIX,Edison International,EIX - Edison International
NYSE,EDR,Education Realty Trust Inc,EDR - Education Realty Trust Inc
NYSE,EW,Edwards Lifesciences Corporation,EW - Edwards Lifesciences Corporation
NYSE,EJ,E-House (China) Holdings Limited,EJ - E-House (China) Holdings Limited
NYSE,EP,El Paso Corporation,EP - El Paso Corporation
NYSE,EP^C,El Paso Corporation,EP^C - El Paso Corporation
NYSE,EE,El Paso Electric Company,EE - El Paso Electric Company
NYSE,EPB,El Paso Pipeline Partners LP,EPB - El Paso Pipeline Partners LP
NYSE,ELN,Elan Corporation plc,ELN - Elan Corporation plc
NYSE,EGO,Eldorado Gold Corp,EGO - Eldorado Gold Corp
NYSE,LLY,Eli Lilly and Company,LLY - Eli Lilly and Company
NYSE,EFC,Ellington Financial LLC,EFC - Ellington Financial LLC
NYSE,ELT,Elster Group SE,ELT - Elster Group SE
NYSE,AKO A,Embotelladora Andina SA,AKO A - Embotelladora Andina SA
NYSE,AKO B,Embotelladora Andina SA,AKO B - Embotelladora Andina SA
NYSE,ERJ,Embraer-Empresa Brasileira de Aeronautica,ERJ - Embraer-Empresa Brasileira de Aeronautica
NYSE,EMC,EMC Corporation,EMC - EMC Corporation
NYSE,EME,EMCOR Group Inc,EME - EMCOR Group Inc
NYSE,EBS,Emergent Biosolutions Inc,EBS - Emergent Biosolutions Inc
NYSE,ESC,Emeritus Corporation,ESC - Emeritus Corporation
NYSE,EMR,Emerson Electric Company,EMR - Emerson Electric Company
NYSE,EDE,Empire District Electric Company (The),EDE - Empire District Electric Company (The)
NYSE,EIG,Employers Holdings Inc,EIG - Employers Holdings Inc
NYSE,EDN,Empresa Distribuidora Y Comercializadora Norte SA (Edenor),EDN - Empresa Distribuidora Y Comercializadora Norte SA (Edenor)
NYSE,EOC,Empresa Nacional de Electricidad SA,EOC - Empresa Nacional de Electricidad SA
NYSE,ICA,Empresas Ica Soc Contrladora,ICA - Empresas Ica Soc Contrladora
NYSE,ELX,Emulex Corporation,ELX - Emulex Corporation
NYSE,EEQ,Enbridge Energy Management LLC,EEQ - Enbridge Energy Management LLC
NYSE,EEP,Enbridge Energy LP,EEP - Enbridge Energy LP
NYSE,ENB,Enbridge Inc,ENB - Enbridge Inc
NYSE,ECA,Encana Corporation,ECA - Encana Corporation
NYSE,END,Endeavor International Corporation,END - Endeavor International Corporation
NYSE,EXK,Endeavour Silver Corporation,EXK - Endeavour Silver Corporation
NYSE,ENH,Endurance Specialty Holdings Ltd,ENH - Endurance Specialty Holdings Ltd
NYSE,ENH^A,Endurance Specialty Holdings Ltd,ENH^A - Endurance Specialty Holdings Ltd
NYSE,ENH^B,Endurance Specialty Holdings Ltd,ENH^B - Endurance Specialty Holdings Ltd
NYSE,NDRO,Enduro Royalty Trust,NDRO - Enduro Royalty Trust
NYSE,EGN,Energen Corporation,EGN - Energen Corporation
NYSE,ENR,Energizer Holdings Inc,ENR - Energizer Holdings Inc
NYSE,EPL,Energy Partners Ltd,EPL - Energy Partners Ltd
NYSE,ETE,Energy Transfer Equity LP,ETE - Energy Transfer Equity LP
NYSE,ETP,ENERGY TRANSFER PARTNERS,ETP - ENERGY TRANSFER PARTNERS
NYSE,ES,EnergySolutions Inc,ES - EnergySolutions Inc
NYSE,ERF,Enerplus Corporation,ERF - Enerplus Corporation
NYSE,ENI,Enersis S A,ENI - Enersis S A
NYSE,ENS,Enersys,ENS - Enersys
NYSE,E,ENI SpA,E - ENI SpA
NYSE,EBF,Ennis Inc,EBF - Ennis Inc
NYSE,NPO,Enpro Industries,NPO - Enpro Industries
NYSE,ESV,ENSCO plc,ESV - ENSCO plc
NYSE,ETM,Entercom Communications Corporation,ETM - Entercom Communications Corporation
NYSE,EAA,Entergy Arkansas Inc,EAA - Entergy Arkansas Inc
NYSE,ETR,Entergy Corporation,ETR - Entergy Corporation
NYSE,ELA,Entergy Louisiana Inc,ELA - Entergy Louisiana Inc
NYSE,ELB,Entergy Louisiana Inc,ELB - Entergy Louisiana Inc
NYSE,EFM,Entergy Mississippi Inc,EFM - Entergy Mississippi Inc
NYSE,EMQ,Entergy Mississippi Inc,EMQ - Entergy Mississippi Inc
NYSE,EMZ,Entergy Mississippi Inc,EMZ - Entergy Mississippi Inc
NYSE,EDT,Entergy Texas Inc,EDT - Entergy Texas Inc
NYSE,EPD,Enterprise Products Partners LP,EPD - Enterprise Products Partners LP
NYSE,EPR,Entertainment Properties Trust,EPR - Entertainment Properties Trust
NYSE,EPR^C,Entertainment Properties Trust,EPR^C - Entertainment Properties Trust
NYSE,EPR^D,Entertainment Properties Trust,EPR^D - Entertainment Properties Trust
NYSE,EPR^E,Entertainment Properties Trust,EPR^E - Entertainment Properties Trust
NYSE,EVC,Entravision Communications Corporation,EVC - Entravision Communications Corporation
NYSE,ENV,Envestnet Inc,ENV - Envestnet Inc
NYSE,ENZ,Enzo Biochem Inc,ENZ - Enzo Biochem Inc
NYSE,EOG,EOG Resources Inc,EOG - EOG Resources Inc
NYSE,EPAM,EPAM Systems Inc,EPAM - EPAM Systems Inc
NYSE,EQT,EQT Corporation,EQT - EQT Corporation
NYSE,EQU,Equal Energy Ltd,EQU - Equal Energy Ltd
NYSE,EFX,Equifax Inc,EFX - Equifax Inc
NYSE,ELS,Equity Lifestyle Properties Inc,ELS - Equity Lifestyle Properties Inc
NYSE,ELS^A,Equity Lifestyle Properties Inc,ELS^A - Equity Lifestyle Properties Inc
NYSE,EQY,Equity One Inc,EQY - Equity One Inc
NYSE,EQR,Equity Residential,EQR - Equity Residential
NYSE,EQR^N,Equity Residential,EQR^N - Equity Residential
NYSE,EQS,Equus Total Return Inc,EQS - Equus Total Return Inc
NYSE,ESE,ESCO Technologies Inc,ESE - ESCO Technologies Inc
NYSE,ESS,Essex Property Trust Inc,ESS - Essex Property Trust Inc
NYSE,ESS^H,Essex Property Trust Inc,ESS^H - Essex Property Trust Inc
NYSE,EL,Estee Lauder Companies Inc (The),EL - Estee Lauder Companies Inc (The)
NYSE,ESL,Esterline Technologies Corporation,ESL - Esterline Technologies Corporation
NYSE,DEG,Etablissements Delhaize Freres et Cie andquot;Le Lionandquot; SA,DEG - Etablissements Delhaize Freres et Cie andquot;Le Lionandquot; SA
NYSE,ETH,Ethan Allen Interiors Inc,ETH - Ethan Allen Interiors Inc
NYSE,EEA,European Equity Fund Inc (The),EEA - European Equity Fund Inc (The)
NYSE,EVR,Evercore Partners Inc,EVR - Evercore Partners Inc
NYSE,RE,Everest Re Group Ltd,RE - Everest Re Group Ltd
NYSE,RE^B,Everest Re Group Ltd,RE^B - Everest Re Group Ltd
NYSE,ET,ExactTarget Inc,ET - ExactTarget Inc
NYSE,EXAM,ExamWorks Group Inc,EXAM - ExamWorks Group Inc
NYSE,EXM,Excel Maritime Carriers Ltd,EXM - Excel Maritime Carriers Ltd
NYSE,EXL,Excel Trust Inc,EXL - Excel Trust Inc
NYSE,EXL^B,Excel Trust Inc,EXL^B - Excel Trust Inc
NYSE,XCO,EXCO Resources NL,XCO - EXCO Resources NL
NYSE,EXC,Exelon Corporation,EXC - Exelon Corporation
NYSE,EXPR,Express Inc,EXPR - Express Inc
NYSE,EXH,Exterran Holdings Inc,EXH - Exterran Holdings Inc
NYSE,EXR,Extra Space Storage Inc,EXR - Extra Space Storage Inc
NYSE,XOM,Exxon Mobil Corporation,XOM - Exxon Mobil Corporation
NYSE,FNB,FNB Corporation,FNB - FNB Corporation
NYSE,FN,Fabrinet,FN - Fabrinet
NYSE,FDS,FactSet Research Systems Inc,FDS - FactSet Research Systems Inc
NYSE,FICO,Fair Isaac and Company Incorporated,FICO - Fair Isaac and Company Incorporated
NYSE,FCS,Fairchild Semiconductor International Inc,FCS - Fairchild Semiconductor International Inc
NYSE,FDO,Family Dollar Stores Inc,FDO - Family Dollar Stores Inc
NYSE,FFG,FBL Financial Group Inc,FFG - FBL Financial Group Inc
NYSE,AGM,Federal Agricultural Mortgage Corporation,AGM - Federal Agricultural Mortgage Corporation
NYSE,AGM A,Federal Agricultural Mortgage Corporation,AGM A - Federal Agricultural Mortgage Corporation
NYSE,FRT,Federal Realty Investment Trust,FRT - Federal Realty Investment Trust
NYSE,FSS,Federal Signal Corporation,FSS - Federal Signal Corporation
NYSE,FTT,Federated Enhanced Treasury Income Fund,FTT - Federated Enhanced Treasury Income Fund
NYSE,FII,Federated Investors Inc,FII - Federated Investors Inc
NYSE,FPT,Federated Premier Intermediate Municipal Income Fund,FPT - Federated Premier Intermediate Municipal Income Fund
NYSE,FMN,Federated Premier Municipal Income Fund,FMN - Federated Premier Municipal Income Fund
NYSE,FDX,FedEx Corporation,FDX - FedEx Corporation
NYSE,ADY,Feihe International Inc,ADY - Feihe International Inc
NYSE,FCH,FelCor Lodging Trust Incorporated,FCH - FelCor Lodging Trust Incorporated
NYSE,FCH^A,FelCor Lodging Trust Incorporated,FCH^A - FelCor Lodging Trust Incorporated
NYSE,FCH^C,FelCor Lodging Trust Incorporated,FCH^C - FelCor Lodging Trust Incorporated
NYSE,FGP,Ferrellgas Partners LP,FGP - Ferrellgas Partners LP
NYSE,FOE,Ferro Corporation,FOE - Ferro Corporation
NYSE,FBR,Fibria Celulose SA,FBR - Fibria Celulose SA
NYSE,FNF,Fidelity National Financial Inc,FNF - Fidelity National Financial Inc
NYSE,FIS,Fidelity National Information Services Inc,FIS - Fidelity National Information Services Inc
NYSE,FMO,Fiduciary Claymore MLP Opportunity Fund,FMO - Fiduciary Claymore MLP Opportunity Fund
NYSE,FTB^A,Fifth Third Bancorp,FTB^A - Fifth Third Bancorp
NYSE,FTB^B,Fifth Third Bancorp,FTB^B - Fifth Third Bancorp
NYSE,FAF,First American Corporation (The),FAF - First American Corporation (The)
NYSE,FBP,First BanCorp,FBP - First BanCorp
NYSE,FBS^A,First Banks Inc,FBS^A - First Banks Inc
NYSE,FCF,First Commonwealth Financial Corporation,FCF - First Commonwealth Financial Corporation
NYSE,FR,First Industrial Realty Trust Inc,FR - First Industrial Realty Trust Inc
NYSE,FR^J,First Industrial Realty Trust Inc,FR^J - First Industrial Realty Trust Inc
NYSE,FR^K,First Industrial Realty Trust Inc,FR^K - First Industrial Realty Trust Inc
NYSE,AG,First Majestic Silver Corp,AG - First Majestic Silver Corp
NYSE,FMD,First Marblehead Corporation (The),FMD - First Marblehead Corporation (The)
NYSE,FNFG^B,First Niagara Financial Group Inc,FNFG^B - First Niagara Financial Group Inc
NYSE,FPO,First Potomac Realty Trust,FPO - First Potomac Realty Trust
NYSE,FPO^A,First Potomac Realty Trust,FPO^A - First Potomac Realty Trust
NYSE,FRC,FIRST REPUBLIC BANK,FRC - FIRST REPUBLIC BANK
NYSE,FRC^A,FIRST REPUBLIC BANK,FRC^A - FIRST REPUBLIC BANK
NYSE,FHN,First Tennessee National Corporation,FHN - First Tennessee National Corporation
NYSE,FFA,First Trust,FFA - First Trust
NYSE,FMY,First Trust,FMY - First Trust
NYSE,FAV,First Trust Active Dividend Income Fund,FAV - First Trust Active Dividend Income Fund
NYSE,FIF,First Trust Energy Infrastructure Fund,FIF - First Trust Energy Infrastructure Fund
NYSE,FSD,First Trust High Income Long Short Fund,FSD - First Trust High Income Long Short Fund
NYSE,FCT,First Trust Senior Floating Rate Income Fund II,FCT - First Trust Senior Floating Rate Income Fund II
NYSE,FGB,First Trust Specialty Finance and Financial Opportunities Fund,FGB - First Trust Specialty Finance and Financial Opportunities Fund
NYSE,FHY,First Trust Strategic High Income Fund II,FHY - First Trust Strategic High Income Fund II
NYSE,FEO,First Trust Aberdeen Emerging Opportunity Fund,FEO - First Trust Aberdeen Emerging Opportunity Fund
NYSE,FAM,First Trust Aberdeen Global Opportunity Income Fund,FAM - First Trust Aberdeen Global Opportunity Income Fund
NYSE,FE,FirstEnergy Corporation,FE - FirstEnergy Corporation
NYSE,FVE,Five Star Quality Care Inc,FVE - Five Star Quality Care Inc
NYSE,FBC,Flagstar Bancorp Inc,FBC - Flagstar Bancorp Inc
NYSE,FSR,Flagstone Reinsurance Holdings SA,FSR - Flagstone Reinsurance Holdings SA
NYSE,PFD,Flaherty and Crumrine Preferred Income Fund Incorporated,PFD - Flaherty and Crumrine Preferred Income Fund Incorporated
NYSE,PFO,Flaherty and Crumrine Preferred Income Opportunity Fund Inc,PFO - Flaherty and Crumrine Preferred Income Opportunity Fund Inc
NYSE,FFC,Flaherty and Crumrine Claymore Preferred Securities Income Fd In,FFC - Flaherty and Crumrine Claymore Preferred Securities Income Fd In
NYSE,FLC,Flaherty and Crumrine Claymore Total Return Fund Inc,FLC - Flaherty and Crumrine Claymore Total Return Fund Inc
NYSE,FBF^M,FleetBoston Financial Corporation,FBF^M - FleetBoston Financial Corporation
NYSE,FBF^N,FleetBoston Financial Corporation,FBF^N - FleetBoston Financial Corporation
NYSE,FLT,FleetCor Technologies Inc,FLT - FleetCor Technologies Inc
NYSE,FTK,Flotek Industries Inc,FTK - Flotek Industries Inc
NYSE,FLO,Flowers Foods Inc,FLO - Flowers Foods Inc
NYSE,FLS,Flowserve Corporation,FLS - Flowserve Corporation
NYSE,FLR,Fluor Corporation,FLR - Fluor Corporation
NYSE,FLY,Fly Leasing Limited,FLY - Fly Leasing Limited
NYSE,FMC,FMC Corporation,FMC - FMC Corporation
NYSE,FTI,FMC Technologies Inc,FTI - FMC Technologies Inc
NYSE,FMX,Fomento Economico Mexicano SAB de CV,FMX - Fomento Economico Mexicano SAB de CV
NYSE,FL,Footlocker Inc,FL - Footlocker Inc
NYSE,F,Ford Motor Company,F - Ford Motor Company
NYSE,F WS,Ford Motor Company,F WS - Ford Motor Company
NYSE,F^A,Ford Motor Company,F^A - Ford Motor Company
NYSE,FCE A,Forest City Enterprises Inc,FCE A - Forest City Enterprises Inc
NYSE,FCE B,Forest City Enterprises Inc,FCE B - Forest City Enterprises Inc
NYSE,FCY,Forest City Enterprises Inc,FCY - Forest City Enterprises Inc
NYSE,FRX,Forest Laboratories Inc,FRX - Forest Laboratories Inc
NYSE,FST,Forest Oil Corporation,FST - Forest Oil Corporation
NYSE,FOR,Forestar Group Inc,FOR - Forestar Group Inc
NYSE,FDI,Fort Dearborn Income Securities Inc,FDI - Fort Dearborn Income Securities Inc
NYSE,FRF,Fortegra Financial Corporation,FRF - Fortegra Financial Corporation
NYSE,FIG,Fortress Investment Group LLC,FIG - Fortress Investment Group LLC
NYSE,FSM,Fortuna Silver Mines Inc,FSM - Fortuna Silver Mines Inc
NYSE,FGC,FPL Group Capital Inc,FGC - FPL Group Capital Inc
NYSE,FGE,FPL Group Capital Inc,FGE - FPL Group Capital Inc
NYSE,FTE,France Telecom SA,FTE - France Telecom SA
NYSE,FNV,Franco Nev Corp,FNV - Franco Nev Corp
NYSE,FC,Franklin Covey Company,FC - Franklin Covey Company
NYSE,BEN,Franklin Resources Inc,BEN - Franklin Resources Inc
NYSE,FT,Franklin Universal Trust,FT - Franklin Universal Trust
NYSE,FCX,Freeport-McMoran Copper and Gold Inc,FCX - Freeport-McMoran Copper and Gold Inc
NYSE,FSL,Freescale Semiconductor Holdings I LTD,FSL - Freescale Semiconductor Holdings I LTD
NYSE,FMS,Fresenius Medical Care Corporation,FMS - Fresenius Medical Care Corporation
NYSE,FMS^,Fresenius Medical Care Corporation,FMS^ - Fresenius Medical Care Corporation
NYSE,FDP,Fresh Del Monte Produce Inc,FDP - Fresh Del Monte Produce Inc
NYSE,FRO,Frontline Ltd,FRO - Frontline Ltd
NYSE,FCN,FTI Consulting Inc,FCN - FTI Consulting Inc
NYSE,FRM,Furmanite Corporation,FRM - Furmanite Corporation
NYSE,FBN,Furniture Brands International Inc,FBN - Furniture Brands International Inc
NYSE,FIO,Fusion-io Inc,FIO - Fusion-io Inc
NYSE,FF,FutureFuel Corp,FF - FutureFuel Corp
NYSE,FX,FX Alliance Inc,FX - FX Alliance Inc
NYSE,FXCM,FXCM Inc,FXCM - FXCM Inc
NYSE,GCV,Gabelli Convertible and Income Securities Fund Inc (The),GCV - Gabelli Convertible and Income Securities Fund Inc (The)
NYSE,GCV^B,Gabelli Convertible and Income Securities Fund Inc (The),GCV^B - Gabelli Convertible and Income Securities Fund Inc (The)
NYSE,GDV,Gabelli Dividend,GDV - Gabelli Dividend
NYSE,GDV^A,Gabelli Dividend,GDV^A - Gabelli Dividend
NYSE,GDV^D,Gabelli Dividend,GDV^D - Gabelli Dividend
NYSE,GAB,Gabelli Equity Trust Inc (The),GAB - Gabelli Equity Trust Inc (The)
NYSE,GAB^D,Gabelli Equity Trust Inc (The),GAB^D - Gabelli Equity Trust Inc (The)
NYSE,GAB^F,Gabelli Equity Trust Inc (The),GAB^F - Gabelli Equity Trust Inc (The)
NYSE,GGT,Gabelli Multi-Media Trust Inc (The),GGT - Gabelli Multi-Media Trust Inc (The)
NYSE,GGT^B,Gabelli Multi-Media Trust Inc (The),GGT^B - Gabelli Multi-Media Trust Inc (The)
NYSE,GUT,Gabelli Utility Trust (The),GUT - Gabelli Utility Trust (The)
NYSE,GUT^A,Gabelli Utility Trust (The),GUT^A - Gabelli Utility Trust (The)
NYSE,GFA,Gafisa SA,GFA - Gafisa SA
NYSE,GCAP,GAIN Capital Holdings Inc,GCAP - GAIN Capital Holdings Inc
NYSE,GBL,Gamco Investors Inc,GBL - Gamco Investors Inc
NYSE,GNT,GAMCO Natural Resources Gold and Income Tust by Gabelli,GNT - GAMCO Natural Resources Gold and Income Tust by Gabelli
NYSE,GME,Gamestop Corporation,GME - Gamestop Corporation
NYSE,GCI,Gannett Co Inc,GCI - Gannett Co Inc
NYSE,GPS,Gap Inc (The),GPS - Gap Inc (The)
NYSE,GDI,Gardner Denver Inc,GDI - Gardner Denver Inc
NYSE,IT,Gartner Inc,IT - Gartner Inc
NYSE,GLOG,GasLog Ltd,GLOG - GasLog Ltd
NYSE,GMT,GATX Corporation,GMT - GATX Corporation
NYSE,GMT^,GATX Corporation,GMT^ - GATX Corporation
NYSE,GET,Gaylord Entertainment Company,GET - Gaylord Entertainment Company
NYSE,GZT,Gazit-Globe Ltd,GZT - Gazit-Globe Ltd
NYSE,GNK,Genco Shipping and Trading Limited,GNK - Genco Shipping and Trading Limited
NYSE,GY,GenCorp Inc,GY - GenCorp Inc
NYSE,GNRC,Generac Holdlings Inc,GNRC - Generac Holdlings Inc
NYSE,GAM,General American Investors Inc,GAM - General American Investors Inc
NYSE,GAM^B,General American Investors Inc,GAM^B - General American Investors Inc
NYSE,BGC,General Cable Corporation,BGC - General Cable Corporation
NYSE,GD,General Dynamics Corporation,GD - General Dynamics Corporation
NYSE,GEA,General Electric Capital Corporation,GEA - General Electric Capital Corporation
NYSE,GEC,General Electric Capital Corporation,GEC - General Electric Capital Corporation
NYSE,GED,General Electric Capital Corporation,GED - General Electric Capital Corporation
NYSE,GEG,General Electric Capital Corporation,GEG - General Electric Capital Corporation
NYSE,GEJ,General Electric Capital Corporation,GEJ - General Electric Capital Corporation
NYSE,GEP,General Electric Capital Corporation,GEP - General Electric Capital Corporation
NYSE,GER,General Electric Capital Corporation,GER - General Electric Capital Corporation
NYSE,GE,General Electric Company,GE - General Electric Company
NYSE,GE^A,General Electric Company,GE^A - General Electric Company
NYSE,GGP,General Growth Properties Inc,GGP - General Growth Properties Inc
NYSE,GIS,General Mills Inc,GIS - General Mills Inc