NYSE,GRR,Asia Tigers Fund Inc (The),GRR - Asia Tigers Fund Inc (The)
NYSE,AHL,Aspen Insurance Holdings Limited,AHL - Aspen Insurance Holdings Limited
NYSE,AHL^,Aspen Insurance Holdings Limited,AHL^ - Aspen Insurance Holdings Limited
NYSE,AHL^A,Aspen Insurance Holdings Limited,AHL^A - Aspen Insurance Holdings Limited
NYSE,ALC,Assisted Living Concepts Inc New,ALC - Assisted Living Concepts Inc New
NYSE,ABW^A,Associated Banc-Corp,ABW^A - Associated Banc-Corp
NYSE,ABW^B,Associated Banc-Corp,ABW^B - Associated Banc-Corp
NYSE,AEC,Associated Estates Realty Corporation,AEC - Associated Estates Realty Corporation
NYSE,AIZ,Assurant Inc,AIZ - Assurant Inc
NYSE,AGO,Assured Guaranty Ltd,AGO - Assured Guaranty Ltd
NYSE,AGO^B,Assured Guaranty Ltd,AGO^B - Assured Guaranty Ltd
NYSE,AGO^E,Assured Guaranty Ltd,AGO^E - Assured Guaranty Ltd
NYSE,AGO^F,Assured Guaranty Ltd,AGO^F - Assured Guaranty Ltd
NYSE,AF,Astoria Financial Corporation,AF - Astoria Financial Corporation
NYSE,AZN,Astrazeneca PLC,AZN - Astrazeneca PLC
NYSE,T,ATandT Inc,T - ATandT Inc
NYSE,AT,Atlantic Power Corporation,AT - Atlantic Power Corporation
NYSE,ATLS,Atlas Energy LP,ATLS - Atlas Energy LP
NYSE,APL,Atlas Pipeline Partners LP,APL - Atlas Pipeline Partners LP
NYSE,ARP,Atlas Resource Partners LP,ARP - Atlas Resource Partners LP
NYSE,ATO,Atmos Energy Corporation,ATO - Atmos Energy Corporation
NYSE,ATW,Atwood Oceanics Inc,ATW - Atwood Oceanics Inc
NYSE,AUO,AU Optronics Corp,AUO - AU Optronics Corp
NYSE,AUQ,AuRico Gold Inc,AUQ - AuRico Gold Inc
NYSE,ALV,Autoliv Inc,ALV - Autoliv Inc
NYSE,ALV^Z,Autoliv Inc,ALV^Z - Autoliv Inc
NYSE,AN,AutoNation Inc,AN - AutoNation Inc
NYSE,AZO,AutoZone Inc,AZO - AutoZone Inc
NYSE,AVB,AvalonBay Communities Inc,AVB - AvalonBay Communities Inc
NYSE,ACP,Avenue Income Credit Strategies Fund,ACP - Avenue Income Credit Strategies Fund
NYSE,AVY,Avery Dennison Corporation,AVY - Avery Dennison Corporation
NYSE,AVG,AVG Technologies NV,AVG - AVG Technologies NV
NYSE,AVA,Avista Corporation,AVA - Avista Corporation
NYSE,AV,Aviva plc,AV - Aviva plc
NYSE,AVV,Aviva plc,AVV - Aviva plc
NYSE,AVT,Avnet Inc,AVT - Avnet Inc
NYSE,AVP,Avon Products Inc,AVP - Avon Products Inc
NYSE,AVX,AVX Corporation,AVX - AVX Corporation
NYSE,AXS,Axis Capital Holdings Limited,AXS - Axis Capital Holdings Limited
NYSE,AXS^A,Axis Capital Holdings Limited,AXS^A - Axis Capital Holdings Limited
NYSE,AXS^C,Axis Capital Holdings Limited,AXS^C - Axis Capital Holdings Limited
NYSE,AZZ,AZZ Incorporated,AZZ - AZZ Incorporated
NYSE,BGS,BandG Foods Holdings Corp,BGS - BandG Foods Holdings Corp
NYSE,BWC,Babcock and Wilcox Company (The),BWC - Babcock and Wilcox Company (The)
NYSE,MCI,Babson Capital Corporate Investors,MCI - Babson Capital Corporate Investors
NYSE,MPV,Babson Capital Participation Investors,MPV - Babson Capital Participation Investors
NYSE,BMI,Badger Meter Inc,BMI - Badger Meter Inc
NYSE,BHI,Baker Hughes Incorporated,BHI - Baker Hughes Incorporated
NYSE,BBN,BalckRock Build America Bond Trust,BBN - BalckRock Build America Bond Trust
NYSE,BLL,Ball Corporation,BLL - Ball Corporation
NYSE,BYI,Bally Technologies Inc,BYI - Bally Technologies Inc
NYSE,BALT,Baltic Trading Limited,BALT - Baltic Trading Limited
NYSE,BGE^B,Baltimore Gas and Electric Company,BGE^B - Baltimore Gas and Electric Company
NYSE,BBVA,Banco Bilbao Viscaya Argentaria SA,BBVA - Banco Bilbao Viscaya Argentaria SA
NYSE,BBD,Banco Bradesco Sa,BBD - Banco Bradesco Sa
NYSE,BBDO,Banco Bradesco Sa,BBDO - Banco Bradesco Sa
NYSE,BCH,Banco De Chile,BCH - Banco De Chile
NYSE,BLX,Banco Latinoamericano de Comercio Exterior SA,BLX - Banco Latinoamericano de Comercio Exterior SA
NYSE,BMA,Banco Macro SA,BMA - Banco Macro SA
NYSE,BSBR,Banco Santander Brasil SA,BSBR - Banco Santander Brasil SA
NYSE,STD,Banco Santander SA,STD - Banco Santander SA
NYSE,STD^A,Banco Santander SA,STD^A - Banco Santander SA
NYSE,STD^B,Banco Santander SA,STD^B - Banco Santander SA
NYSE,STD^C,Banco Santander SA,STD^C - Banco Santander SA
NYSE,STD^E,Banco Santander SA,STD^E - Banco Santander SA
NYSE,STD^f,Banco Santander SA,STD^f - Banco Santander SA
NYSE,STD^I,Banco Santander SA,STD^I - Banco Santander SA
NYSE,SAN,Banco Santiago SA,SAN - Banco Santiago SA
NYSE,CIB,BanColombia SA,CIB - BanColombia SA
NYSE,BXS,BancorpSouth Inc,BXS - BancorpSouth Inc
NYSE,BXS^A,BancorpSouth Inc,BXS^A - BancorpSouth Inc
NYSE,BAC,Bank of America Corporation,BAC - Bank of America Corporation
NYSE,BAC WS A,Bank of America Corporation,BAC WS A - Bank of America Corporation
NYSE,BAC WS B,Bank of America Corporation,BAC WS B - Bank of America Corporation
NYSE,BAC^B,Bank of America Corporation,BAC^B - Bank of America Corporation
NYSE,BAC^C,Bank of America Corporation,BAC^C - Bank of America Corporation
NYSE,BAC^D,Bank of America Corporation,BAC^D - Bank of America Corporation
NYSE,BAC^E,Bank of America Corporation,BAC^E - Bank of America Corporation
NYSE,BAC^H,Bank of America Corporation,BAC^H - Bank of America Corporation
NYSE,BAC^I,Bank of America Corporation,BAC^I - Bank of America Corporation
NYSE,BAC^J,Bank of America Corporation,BAC^J - Bank of America Corporation
NYSE,BAC^L,Bank of America Corporation,BAC^L - Bank of America Corporation
NYSE,BAC^U,Bank of America Corporation,BAC^U - Bank of America Corporation
NYSE,BAC^V,Bank of America Corporation,BAC^V - Bank of America Corporation
NYSE,BAC^W,Bank of America Corporation,BAC^W - Bank of America Corporation
NYSE,BAC^X,Bank of America Corporation,BAC^X - Bank of America Corporation
NYSE,BAC^Y,Bank of America Corporation,BAC^Y - Bank of America Corporation
NYSE,BAC^Z,Bank of America Corporation,BAC^Z - Bank of America Corporation
NYSE,BML^G,Bank of America Corporation,BML^G - Bank of America Corporation
NYSE,BML^H,Bank of America Corporation,BML^H - Bank of America Corporation
NYSE,BML^I,Bank of America Corporation,BML^I - Bank of America Corporation
NYSE,BML^J,Bank of America Corporation,BML^J - Bank of America Corporation
NYSE,BML^L,Bank of America Corporation,BML^L - Bank of America Corporation
NYSE,BML^N,Bank of America Corporation,BML^N - Bank of America Corporation
NYSE,BML^O,Bank of America Corporation,BML^O - Bank of America Corporation
NYSE,BML^Q,Bank of America Corporation,BML^Q - Bank of America Corporation
NYSE,IKJ,Bank of America Corporation,IKJ - Bank of America Corporation
NYSE,IKL,Bank of America Corporation,IKL - Bank of America Corporation
NYSE,IKM,Bank of America Corporation,IKM - Bank of America Corporation
NYSE,IKR,Bank of America Corporation,IKR - Bank of America Corporation
NYSE,BOH,Bank of Hawaii Corporation,BOH - Bank of Hawaii Corporation
NYSE,BMO,Bank Of Montreal,BMO - Bank Of Montreal
NYSE,BK,Bank Of New York Mellon Corporation (The),BK - Bank Of New York Mellon Corporation (The)
NYSE,BK^E,Bank Of New York Mellon Corporation (The),BK^E - Bank Of New York Mellon Corporation (The)
NYSE,BK^F,Bank Of New York Mellon Corporation (The),BK^F - Bank Of New York Mellon Corporation (The)
NYSE,BNS,Bank of Nova Scotia (The),BNS - Bank of Nova Scotia (The)
NYSE,BBX,BankAtlantic Bancorp Inc,BBX - BankAtlantic Bancorp Inc
NYSE,RATE,Bankrate Inc,RATE - Bankrate Inc
NYSE,BKU,BankUnited Inc,BKU - BankUnited Inc
NYSE,BCS,Barclays PLC,BCS - Barclays PLC
NYSE,BCS^,Barclays PLC,BCS^ - Barclays PLC
NYSE,BCS^A,Barclays PLC,BCS^A - Barclays PLC
NYSE,BCS^C,Barclays PLC,BCS^C - Barclays PLC
NYSE,BCS^D,Barclays PLC,BCS^D - Barclays PLC
NYSE,BKS,Barnes and Noble Inc,BKS - Barnes and Noble Inc
NYSE,B,Barnes Group Inc,B - Barnes Group Inc
NYSE,ABX,Barrick Gold Corporation,ABX - Barrick Gold Corporation
NYSE,BAS,Basic Energy Services Inc,BAS - Basic Energy Services Inc
NYSE,BAX,Baxter International Inc,BAX - Baxter International Inc
NYSE,BTE,Baytex Energy Corp,BTE - Baytex Energy Corp
NYSE,BBT,BBandT Corporation,BBT - BBandT Corporation
NYSE,BBT^A,BBandT Corporation,BBT^A - BBandT Corporation
NYSE,BBT^B,BBandT Corporation,BBT^B - BBandT Corporation
NYSE,BBT^C,BBandT Corporation,BBT^C - BBandT Corporation
NYSE,PMB^ CL,BBandT Corporation,PMB^ CL - BBandT Corporation
NYSE,BFR,BBVA Banco Frances SA,BFR - BBVA Banco Frances SA
NYSE,BCE,BCE Inc,BCE - BCE Inc
NYSE,BEAM,Beam Inc,BEAM - Beam Inc
NYSE,BEAM^A,Beam Inc,BEAM^A - Beam Inc
NYSE,FBHS,Beam Inc,FBHS - Beam Inc
NYSE,TZF,Bear Stearns Depositor Inc,TZF - Bear Stearns Depositor Inc
NYSE,BZH,Beazer Homes USA Inc,BZH - Beazer Homes USA Inc
NYSE,BZMD,Beazer Homes USA Inc,BZMD - Beazer Homes USA Inc
NYSE,BZU,Beazer Homes USA Inc,BZU - Beazer Homes USA Inc
NYSE,BDX,Becton Dickinson and Company,BDX - Becton Dickinson and Company
NYSE,BDC,Belden Inc,BDC - Belden Inc
NYSE,BLC,Belo Corporation,BLC - Belo Corporation
NYSE,BMS,Bemis Company Inc,BMS - Bemis Company Inc
NYSE,BHE,Benchmark Electronics Inc,BHE - Benchmark Electronics Inc
NYSE,BRK A,Berkshire Hathaway Inc,BRK A - Berkshire Hathaway Inc
NYSE,BRK B,Berkshire Hathaway Inc,BRK B - Berkshire Hathaway Inc
NYSE,BRY,Berry Petroleum Company,BRY - Berry Petroleum Company
NYSE,BBY,Best Buy Co Inc,BBY - Best Buy Co Inc
NYSE,BHP,BHP Billiton Limited,BHP - BHP Billiton Limited
NYSE,BBL,BHP Billiton plc,BBL - BHP Billiton plc
NYSE,BIG,Big Lots Inc,BIG - Big Lots Inc
NYSE,BH,Biglari Holdings Inc,BH - Biglari Holdings Inc
NYSE,BBG,Bill Barrett Corporation,BBG - Bill Barrett Corporation
NYSE,BMR,Biomed Realty Trust,BMR - Biomed Realty Trust
NYSE,BMR^A,Biomed Realty Trust,BMR^A - Biomed Realty Trust
NYSE,BIO,Bio-Rad Laboratories Inc,BIO - Bio-Rad Laboratories Inc
NYSE,BIO B,Bio-Rad Laboratories Inc,BIO B - Bio-Rad Laboratories Inc
NYSE,BITA,Bitauto Holdings Limited,BITA - Bitauto Holdings Limited
NYSE,BKH,Black Hills Corporation,BKH - Black Hills Corporation
NYSE,BJZ,Blackrock California Municipal 2018 Term Trust,BJZ - Blackrock California Municipal 2018 Term Trust
NYSE,BFZ,BlackRock California Municipal Income Trust,BFZ - BlackRock California Municipal Income Trust
NYSE,CII,Blackrock Capital and Income Strategies Fund Inc,CII - Blackrock Capital and Income Strategies Fund Inc
NYSE,BHK,Blackrock Core Bond Trust,BHK - Blackrock Core Bond Trust
NYSE,CYE,Blackrock Corporate High Yield Fund III Inc,CYE - Blackrock Corporate High Yield Fund III Inc
NYSE,HYV,Blackrock Corporate High Yield Fund V Inc,HYV - Blackrock Corporate High Yield Fund V Inc
NYSE,HYT,Blackrock Corporate High Yield Fund VI Inc,HYT - Blackrock Corporate High Yield Fund VI Inc
NYSE,COY,Blackrock Corporate High Yield Fund Inc,COY - Blackrock Corporate High Yield Fund Inc
NYSE,PSY,BlackRock Credit Allocation Income Trust I Inc,PSY - BlackRock Credit Allocation Income Trust I Inc
NYSE,DSU,Blackrock Debt Strategies Fund Inc,DSU - Blackrock Debt Strategies Fund Inc
NYSE,BHL,Blackrock Defined Opportunity Credit Trust,BHL - Blackrock Defined Opportunity Credit Trust
NYSE,DVF,Blackrock Diversified Income Strategies Fund Inc,DVF - Blackrock Diversified Income Strategies Fund Inc
NYSE,BQR,BlackRock Ecosolutions Investment Trust,BQR - BlackRock Ecosolutions Investment Trust
NYSE,BGR,BlackRock Energy and Resources Trust,BGR - BlackRock Energy and Resources Trust
NYSE,BDJ,Blackrock Enhanced Equity Dividend Trust,BDJ - Blackrock Enhanced Equity Dividend Trust
NYSE,EGF,Blackrock Enhanced Government Fund Inc,EGF - Blackrock Enhanced Government Fund Inc
NYSE,FRB,Blackrock Floating Rate Income Strategies Fund II Inc,FRB - Blackrock Floating Rate Income Strategies Fund II Inc
NYSE,FRA,Blackrock Floating Rate Income Strategies Fund Inc,FRA - Blackrock Floating Rate Income Strategies Fund Inc
NYSE,BFO,Blackrock Florida Municipal 2020 Term Trust,BFO - Blackrock Florida Municipal 2020 Term Trust
NYSE,BGT,Blackrock Global,BGT - Blackrock Global
NYSE,BOE,Blackrock Global,BOE - Blackrock Global
NYSE,BME,Blackrock Health Sciences Trust,BME - Blackrock Health Sciences Trust
NYSE,BHY,Blackrock High Yield Trust (The),BHY - Blackrock High Yield Trust (The)
NYSE,BAF,BlackRock Income Investment Quality Trust,BAF - BlackRock Income Investment Quality Trust
NYSE,BNA,BlackRock Income Opportunity Trust Inc (The),BNA - BlackRock Income Opportunity Trust Inc (The)
NYSE,BKT,BlackRock Income Trust Inc (The),BKT - BlackRock Income Trust Inc (The)
NYSE,BGY,BLACKROCK INTERNATIONAL LTD,BGY - BLACKROCK INTERNATIONAL LTD
NYSE,BKN,BlackRock Investment Quality Municipal Trust Inc (The),BKN - BlackRock Investment Quality Municipal Trust Inc (The)
NYSE,BTA,BlackRock Long-Term Municipal Advantage Trust,BTA - BlackRock Long-Term Municipal Advantage Trust
NYSE,MUI,Blackrock Muni Intermediate Duration Fund Inc,MUI - Blackrock Muni Intermediate Duration Fund Inc
NYSE,MNE,Blackrock Muni New York Intermediate Duration Fund Inc,MNE - Blackrock Muni New York Intermediate Duration Fund Inc
NYSE,MUA,Blackrock MuniAssets Fund Inc,MUA - Blackrock MuniAssets Fund Inc
NYSE,BPK,Blackrock Municipal 2018 Term Trust,BPK - Blackrock Municipal 2018 Term Trust
NYSE,BKK,Blackrock Municipal 2020 Term Trust,BKK - Blackrock Municipal 2020 Term Trust
NYSE,BIE,Blackrock Municipal Bond Investment Trust,BIE - Blackrock Municipal Bond Investment Trust
NYSE,BBK,Blackrock Municipal Bond Trust,BBK - Blackrock Municipal Bond Trust
NYSE,BBF,BlackRock Municipal Income Investment Trust,BBF - BlackRock Municipal Income Investment Trust
NYSE,BYM,Blackrock Municipal Income Quality Trust,BYM - Blackrock Municipal Income Quality Trust
NYSE,BFK,BlackRock Municipal Income Trust,BFK - BlackRock Municipal Income Trust
NYSE,MEN,Blackrock MuniEnhanced Fund Inc,MEN - Blackrock MuniEnhanced Fund Inc
NYSE,MUC,Blackrock MuniHoldings California Quality Fund  Inc,MUC - Blackrock MuniHoldings California Quality Fund  Inc
NYSE,MUH,Blackrock MuniHoldings Fund II Inc,MUH - Blackrock MuniHoldings Fund II Inc
NYSE,MHD,Blackrock MuniHoldings Fund Inc,MHD - Blackrock MuniHoldings Fund Inc
NYSE,MFL,Blackrock MuniHoldings Investment Quality Fund,MFL - Blackrock MuniHoldings Investment Quality Fund
NYSE,MUJ,Blackrock MuniHoldings New Jersey Insured Fund Inc,MUJ - Blackrock MuniHoldings New Jersey Insured Fund Inc
NYSE,MHN,Blackrock MuniHoldings New York Quality Fund Inc,MHN - Blackrock MuniHoldings New York Quality Fund Inc
NYSE,MUE,Blackrock MuniHoldings Quality Fund II Inc,MUE - Blackrock MuniHoldings Quality Fund II Inc
NYSE,MUS,Blackrock MuniHoldings Quality Fund Inc,MUS - Blackrock MuniHoldings Quality Fund Inc
NYSE,MVT,Blackrock MuniVest Fund II Inc,MVT - Blackrock MuniVest Fund II Inc
NYSE,MYC,Blackrock MuniYield California Fund Inc,MYC - Blackrock MuniYield California Fund Inc
NYSE,MCA,Blackrock MuniYield California Insured Fund Inc,MCA - Blackrock MuniYield California Insured Fund Inc
NYSE,MYD,Blackrock MuniYield Fund Inc,MYD - Blackrock MuniYield Fund Inc
NYSE,MYF,Blackrock MuniYield Investment Fund,MYF - Blackrock MuniYield Investment Fund
NYSE,MFT,Blackrock MuniYield Investment QualityFund,MFT - Blackrock MuniYield Investment QualityFund
NYSE,MYM,Blackrock MuniYield Michigan Quality Fund II Inc,MYM - Blackrock MuniYield Michigan Quality Fund II Inc
NYSE,MIY,Blackrock MuniYield Michigan Quality Fund Inc,MIY - Blackrock MuniYield Michigan Quality Fund Inc
NYSE,MYJ,Blackrock MuniYield New Jersey Fund Inc,MYJ - Blackrock MuniYield New Jersey Fund Inc
NYSE,MJI,Blackrock MuniYield New Jersey Quality Fund Inc,MJI - Blackrock MuniYield New Jersey Quality Fund Inc
NYSE,MYN,Blackrock MuniYield New York Quality Fund Inc,MYN - Blackrock MuniYield New York Quality Fund Inc
NYSE,MPA,Blackrock MuniYield Pennsylvania Quality Fund,MPA - Blackrock MuniYield Pennsylvania Quality Fund
NYSE,MQT,Blackrock MuniYield Quality Fund II Inc,MQT - Blackrock MuniYield Quality Fund II Inc
NYSE,MYI,Blackrock MuniYield Quality Fund III Inc,MYI - Blackrock MuniYield Quality Fund III Inc
NYSE,MQY,Blackrock MuniYield Quality Fund Inc,MQY - Blackrock MuniYield Quality Fund Inc
NYSE,BNJ,BlackRock New Jersey Municipal Income Trust,BNJ - BlackRock New Jersey Municipal Income Trust
NYSE,BNY,BlackRock New York Investment Quality Municipal Trust Inc (Th,BNY - BlackRock New York Investment Quality Municipal Trust Inc (Th
NYSE,BLH,Blackrock New York Municipal 2018 Term Trust,BLH - Blackrock New York Municipal 2018 Term Trust
NYSE,BQH,Blackrock New York Municipal Bond Trust,BQH - Blackrock New York Municipal Bond Trust
NYSE,BSE,Blackrock New York Municipal Income Quality Trust,BSE - Blackrock New York Municipal Income Quality Trust
NYSE,BTZ,Blackrock Preferred,BTZ - Blackrock Preferred
NYSE,PSW,Blackrock Preferred and Corporate Income Strategies Fund Inc,PSW - Blackrock Preferred and Corporate Income Strategies Fund Inc
NYSE,BPP,Blackrock Preferred Oopportunity Trust,BPP - Blackrock Preferred Oopportunity Trust
NYSE,BCF,Blackrock Real Asset Equity Trust,BCF - Blackrock Real Asset Equity Trust
NYSE,BCX,BlackRock Resources,BCX - BlackRock Resources
NYSE,BHD,Blackrock Strategic Bond Trust,BHD - Blackrock Strategic Bond Trust
NYSE,BSD,BlackRock Strategic Municipal Trust Inc (The),BSD - BlackRock Strategic Municipal Trust Inc (The)
NYSE,BUI,BlackRock Utility and Infrastructure Trust,BUI - BlackRock Utility and Infrastructure Trust
NYSE,BLK,BlackRock Inc,BLK - BlackRock Inc
NYSE,BGX,Blackstone GSO Long Short Credit Income Fund,BGX - Blackstone GSO Long Short Credit Income Fund
NYSE,BSL,Blackstone GSO Senior Floating Rate Term Fund,BSL - Blackstone GSO Senior Floating Rate Term Fund
NYSE,BLT,Blount International Inc,BLT - Blount International Inc
NYSE,BXG,Bluegreen Corporation,BXG - Bluegreen Corporation
NYSE,BXC,BlueLinx Holdings Inc,BXC - BlueLinx Holdings Inc
NYSE,BTH,Blyth Inc,BTH - Blyth Inc
NYSE,BWP,Boardwalk Pipeline Partners LP,BWP - Boardwalk Pipeline Partners LP
NYSE,BA,Boeing Company (The),BA - Boeing Company (The)
NYSE,BZ,Boise Inc,BZ - Boise Inc
NYSE,BCEI,Bonanza Creek Energy Inc,BCEI - Bonanza Creek Energy Inc
NYSE,BAH,Booz Allen Hamilton Holding Corporation,BAH - Booz Allen Hamilton Holding Corporation
NYSE,BWA,BorgWarner Inc,BWA - BorgWarner Inc
NYSE,SAM,Boston Beer Company Inc (The),SAM - Boston Beer Company Inc (The)
NYSE,BXP,Boston Properties Inc,BXP - Boston Properties Inc
NYSE,BSX,Boston Scientific Corporation,BSX - Boston Scientific Corporation
NYSE,BTF,Boulder Total Return Fund Inc,BTF - Boulder Total Return Fund Inc
NYSE,TEU,Box Ships Inc,TEU - Box Ships Inc
NYSE,BYD,Boyd Gaming Corporation,BYD - Boyd Gaming Corporation
NYSE,BP,BP plc,BP - BP plc
NYSE,BPT,BP Prudhoe Bay Royalty Trust,BPT - BP Prudhoe Bay Royalty Trust
NYSE,BPZ,BPZ Resources Inc,BPZ - BPZ Resources Inc
NYSE,BRC,Brady Corporation,BRC - Brady Corporation
NYSE,BDN,Brandywine Realty Trust,BDN - Brandywine Realty Trust
NYSE,BDN^C CL,Brandywine Realty Trust,BDN^C CL - Brandywine Realty Trust
NYSE,BDN^D,Brandywine Realty Trust,BDN^D - Brandywine Realty Trust
NYSE,BRE,BRE Properties Inc,BRE - BRE Properties Inc
NYSE,BRE^D,BRE Properties Inc,BRE^D - BRE Properties Inc
NYSE,BRFS,BRF-Brasil Foods SA,BRFS - BRF-Brasil Foods SA
NYSE,BPI,Bridgepoint Education,BPI - Bridgepoint Education
NYSE,BGG,Briggs and Stratton Corporation,BGG - Briggs and Stratton Corporation
NYSE,EAT,Brinker International Inc,EAT - Brinker International Inc
NYSE,BCO,Brinkand#39;s Company (The),BCO - Brinkand#39;s Company (The)
NYSE,BMY,Bristol-Myers Squibb Company,BMY - Bristol-Myers Squibb Company
NYSE,BMY^,Bristol-Myers Squibb Company,BMY^ - Bristol-Myers Squibb Company
NYSE,BRS,Bristow Group Inc,BRS - Bristow Group Inc
NYSE,BR,Broadridge Financial Solutions Inc,BR - Broadridge Financial Solutions Inc
NYSE,BKD,Brookdale Senior Living Inc,BKD - Brookdale Senior Living Inc
NYSE,BAM,Brookfield Asset Management Inc,BAM - Brookfield Asset Management Inc
NYSE,BOXC,Brookfield Canada Office Properties,BOXC - Brookfield Canada Office Properties
NYSE,INF,Brookfield Global Listed Infrastructure Income Fund,INF - Brookfield Global Listed Infrastructure Income Fund
NYSE,BIP,Brookfield Infrastructure Partners LP,BIP - Brookfield Infrastructure Partners LP
NYSE,BPO,Brookfield Office Properties Inc,BPO - Brookfield Office Properties Inc
NYSE,BRP,Brookfield Residential Properties Inc,BRP - Brookfield Residential Properties Inc
NYSE,BRO,Brown and Brown Inc,BRO - Brown and Brown Inc
NYSE,BF A,Brown Forman Corporation,BF A - Brown Forman Corporation
NYSE,BF B,Brown Forman Corporation,BF B - Brown Forman Corporation
NYSE,BWS,Brown Shoe Company Inc,BWS - Brown Shoe Company Inc
NYSE,BRT,BRT Realty Trust,BRT - BRT Realty Trust
NYSE,BC,Brunswick Corporation,BC - Brunswick Corporation
NYSE,BT,BT Group plc,BT - BT Group plc
NYSE,BPL,Buckeye Partners LP,BPL - Buckeye Partners LP
NYSE,BKI,Buckeye Technologies Inc,BKI - Buckeye Technologies Inc
NYSE,BKE,Buckle Inc (The),BKE - Buckle Inc (The)
NYSE,BBW,Build-A-Bear Workshop Inc,BBW - Build-A-Bear Workshop Inc
NYSE,BG,Bunge Limited,BG - Bunge Limited
NYSE,CJES,CandJ Energy Services Inc,CJES - CandJ Energy Services Inc
NYSE,BCR,CR Bard Inc,BCR - CR Bard Inc
NYSE,GYB,CABCO Series 2004-101 Trust,GYB - CABCO Series 2004-101 Trust
NYSE,PFH,CABCO Series 2004-101 Trust,PFH - CABCO Series 2004-101 Trust
NYSE,CAB,Cabelaand#39;s Inc,CAB - Cabelaand#39;s Inc
NYSE,CVC,Cablevision Systems Corporation,CVC - Cablevision Systems Corporation
NYSE,CBT,Cabot Corporation,CBT - Cabot Corporation
NYSE,COG,Cabot Oil and Gas Corporation,COG - Cabot Oil and Gas Corporation
NYSE,CACI,CACI International Inc,CACI - CACI International Inc
NYSE,CAE,CAE Inc,CAE - CAE Inc
NYSE,CAP,Cai International Inc,CAP - Cai International Inc
NYSE,DVR,Cal Dive International Inc,DVR - Cal Dive International Inc
NYSE,CHY,Calamos Convertible and High Income Fund,CHY - Calamos Convertible and High Income Fund
NYSE,CHI,Calamos Convertible Opportunities and Income Fund,CHI - Calamos Convertible Opportunities and Income Fund
NYSE,CHW,Calamos Global Dynamic Income Fund,CHW - Calamos Global Dynamic Income Fund
NYSE,CGO,Calamos Global Total Return Fund,CGO - Calamos Global Total Return Fund
NYSE,CSQ,Calamos Strategic Total Return Fund,CSQ - Calamos Strategic Total Return Fund
NYSE,CCC,Calgon Carbon Corporation,CCC - Calgon Carbon Corporation
NYSE,CWT,California Water  Service Group Holding,CWT - California Water  Service Group Holding
NYSE,CALX,Calix Inc,CALX - Calix Inc
NYSE,ELY,Callaway Golf Company,ELY - Callaway Golf Company
NYSE,CPE,Callon Petroleum Company,CPE - Callon Petroleum Company
NYSE,CPN,Calpine Corporation,CPN - Calpine Corporation
NYSE,CBM,Cambrex Corporation,CBM - Cambrex Corporation
NYSE,CPT,Camden Property Trust,CPT - Camden Property Trust
NYSE,CCJ,Cameco Corporation,CCJ - Cameco Corporation
NYSE,CIS,Camelot Information Systems,CIS - Camelot Information Systems
NYSE,CAM,Cameron International Corporation,CAM - Cameron International Corporation
NYSE,CPB,Campbell Soup Company,CPB - Campbell Soup Company
NYSE,CCG,Campus Crest Communities Inc,CCG - Campus Crest Communities Inc
NYSE,CCG^A,Campus Crest Communities Inc,CCG^A - Campus Crest Communities Inc
NYSE,CM,Canadian Imperial Bank of Commerce,CM - Canadian Imperial Bank of Commerce
NYSE,CNI,Canadian National Railway Company,CNI - Canadian National Railway Company
NYSE,CNQ,Canadian Natural Resources Limited,CNQ - Canadian Natural Resources Limited
NYSE,CP,Canadian Pacific Railway Limited,CP - Canadian Pacific Railway Limited
NYSE,CAJ,Canon Inc,CAJ - Canon Inc
NYSE,CMN,Cantel Medical Corp,CMN - Cantel Medical Corp
NYSE,COF,Capital One Financial Corporation,COF - Capital One Financial Corporation
NYSE,COF WS,Capital One Financial Corporation,COF WS - Capital One Financial Corporation
NYSE,COF^B,Capital One Financial Corporation,COF^B - Capital One Financial Corporation
NYSE,CSU,Capital Senior Living Corporation,CSU - Capital Senior Living Corporation
NYSE,CT,Capital Trust Inc,CT - Capital Trust Inc
NYSE,CSE,CapitalSource Inc,CSE - CapitalSource Inc
NYSE,LSE,Caplease Funding Inc,LSE - Caplease Funding Inc
NYSE,LSE^A,Caplease Funding Inc,LSE^A - Caplease Funding Inc
NYSE,CMO,Capstead Mortgage Corporation,CMO - Capstead Mortgage Corporation
NYSE,CMO^A,Capstead Mortgage Corporation,CMO^A - Capstead Mortgage Corporation
NYSE,CMO^B,Capstead Mortgage Corporation,CMO^B - Capstead Mortgage Corporation
NYSE,CRR,Carbo Ceramics Inc,CRR - Carbo Ceramics Inc
NYSE,CAH,Cardinal Health Inc,CAH - Cardinal Health Inc
NYSE,CFN,CareFusion Corporation,CFN - CareFusion Corporation
NYSE,CSL,Carlisle Companies Incorporated,CSL - Carlisle Companies Incorporated
NYSE,KMX,CarMax Inc,KMX - CarMax Inc
NYSE,CCL,Carnival Corporation,CCL - Carnival Corporation
NYSE,CUK,Carnival Plc ADS,CUK - Carnival Plc ADS
NYSE,CRS,Carpenter Technology Corporation,CRS - Carpenter Technology Corporation
NYSE,CSV,Carriage Services Inc,CSV - Carriage Services Inc
NYSE,CRI,Carterand#39;s Inc,CRI - Carterand#39;s Inc
NYSE,CASC,Cascade Corporation,CASC - Cascade Corporation
NYSE,CSH,Cash America International Inc,CSH - Cash America International Inc
NYSE,CAS,Castle (AM) and Co,CAS - Castle (AM) and Co
NYSE,CAT,Caterpillar Inc,CAT - Caterpillar Inc
NYSE,CATO,Cato Corporation (The),CATO - Cato Corporation (The)
NYSE,CBZ,CBIZ Inc,CBZ - CBIZ Inc
NYSE,CBL,CBL and Associates Properties Inc,CBL - CBL and Associates Properties Inc
NYSE,CBL^C,CBL and Associates Properties Inc,CBL^C - CBL and Associates Properties Inc
NYSE,CBL^D,CBL and Associates Properties Inc,CBL^D - CBL and Associates Properties Inc
NYSE,CBO,CBO (Listing Market - NYSE - Networks A E),CBO - CBO (Listing Market - NYSE - Networks A E)
NYSE,IGR,CBRE Clarion Global Real Estate Income Fund,IGR - CBRE Clarion Global Real Estate Income Fund
NYSE,CBG,CBRE Group Inc,CBG - CBRE Group Inc
NYSE,CBS,CBS Corporation,CBS - CBS Corporation
NYSE,CBS A,CBS Corporation,CBS A - CBS Corporation
NYSE,CBX,CBX (Listing Market NYSE Networks AE,CBX - CBX (Listing Market NYSE Networks AE
NYSE,CDI,CDI Corporation,CDI - CDI Corporation
NYSE,CEC,CEC Entertainment Inc,CEC - CEC Entertainment Inc
NYSE,FUN,Cedar Fair LP,FUN - Cedar Fair LP
NYSE,CDR,Cedar Realty Trust Inc,CDR - Cedar Realty Trust Inc
NYSE,CDR^A,Cedar Realty Trust Inc,CDR^A - Cedar Realty Trust Inc
NYSE,CGI,Celadon Group Inc,CGI - Celadon Group Inc
NYSE,CE,Celanese Corporation,CE - Celanese Corporation
NYSE,CLS,Celestica Inc,CLS - Celestica Inc
NYSE,CEL,Cellcom Israel Ltd,CEL - Cellcom Israel Ltd
NYSE,CPAC,Cementos Pacasmayo SAA,CPAC - Cementos Pacasmayo SAA
NYSE,CX,Cemex SAB de CV,CX - Cemex SAB de CV
NYSE,CVE,Cenovus Energy Inc,CVE - Cenovus Energy Inc
NYSE,CNC,Centene Corporation,CNC - Centene Corporation
NYSE,CNP,CenterPoint Energy Inc (Holding Co),CNP - CenterPoint Energy Inc (Holding Co)
NYSE,EBR,Centrais Elc Braz Pfb B Elbras,EBR - Centrais Elc Braz Pfb B Elbras
NYSE,EBR B,Centrais Elc Braz Pfb B Elbras,EBR B - Centrais Elc Braz Pfb B Elbras
NYSE,CEE,Central Europe and Russia Fund Inc (The),CEE - Central Europe and Russia Fund Inc (The)
NYSE,CV,Central Vermont Pub Svc,CV - Central Vermont Pub Svc
NYSE,CTL,CenturyLink Inc,CTL - CenturyLink Inc
NYSE,CVO,Cenveo Inc,CVO - Cenveo Inc
NYSE,CF,CF Industries Holdings Inc,CF - CF Industries Holdings Inc
NYSE,GIB,CGI Group Inc,GIB - CGI Group Inc
NYSE,CHG,CH Energy Group Inc,CHG - CH Energy Group Inc
NYSE,CRL,Charles River Laboratories International Inc,CRL - Charles River Laboratories International Inc
NYSE,CLDT,Chatham Lodging Trust (REIT),CLDT - Chatham Lodging Trust (REIT)
NYSE,CKP,Checkpoint Systms Inc,CKP - Checkpoint Systms Inc
NYSE,CHE,Chemed Corp,CHE - Chemed Corp
NYSE,CHMT,Chemtura Corp,CHMT - Chemtura Corp
NYSE,CHK,Chesapeake Energy Corporation,CHK - Chesapeake Energy Corporation
NYSE,CHK^D,Chesapeake Energy Corporation,CHK^D - Chesapeake Energy Corporation
NYSE,CHKR,Chesapeake Granite Wash Trust,CHKR - Chesapeake Granite Wash Trust
NYSE,CHSP,Chesapeake Lodging Trust,CHSP - Chesapeake Lodging Trust
NYSE,CHKM,Chesapeake Midstream Partmers LP,CHKM - Chesapeake Midstream Partmers LP
NYSE,CPK,Chesapeake Utilities Corporation,CPK - Chesapeake Utilities Corporation
NYSE,CVX,Chevron Corporation,CVX - Chevron Corporation
NYSE,CBI,Chicago Bridge and Iron Company NV,CBI - Chicago Bridge and Iron Company NV
NYSE,CHS,Chicoand#39;s FAS Inc,CHS - Chicoand#39;s FAS Inc
NYSE,CIM,Chimera Investment Corporation,CIM - Chimera Investment Corporation
NYSE,CO,China Cord Blood Corporation,CO - China Cord Blood Corporation
NYSE,STV,China Digital TV Holding Co Ltd,STV - China Digital TV Holding Co Ltd
NYSE,DL,China Distance Education Holdings Limited,DL - China Distance Education Holdings Limited
NYSE,CEA,China Eastern Airlines Corporation Ltd,CEA - China Eastern Airlines Corporation Ltd
NYSE,CHN,China Fund Inc (The),CHN - China Fund Inc (The)
NYSE,CGA,China Green Agriculture Inc,CGA - China Green Agriculture Inc
NYSE,CHC,China Hydroelectric Corporation,CHC - China Hydroelectric Corporation
NYSE,CHC WS,China Hydroelectric Corporation,CHC WS - China Hydroelectric Corporation
NYSE,KH,China Kanghui Holdings,KH - China Kanghui Holdings
NYSE,LFC,China Life Insurance Company Limited,LFC - China Life Insurance Company Limited
NYSE,MY,China Ming Yang Wind Power Group Limited,MY - China Ming Yang Wind Power Group Limited
NYSE,CHL,China Mobile (Hong Kong) Ltd,CHL - China Mobile (Hong Kong) Ltd
NYSE,NPD,China Nepstar Chain Drugstore Ltd,NPD - China Nepstar Chain Drugstore Ltd
NYSE,BORN,China New Borun Corporation,BORN - China New Borun Corporation
NYSE,SNP,China Petroleum and Chemical Corporation,SNP - China Petroleum and Chemical Corporation
NYSE,ZNH,China Southern Airlines Company Limited,ZNH - China Southern Airlines Company Limited
NYSE,CHA,China Telecom Corp Ltd,CHA - China Telecom Corp Ltd
NYSE,CHU,China Unicom (Hong Kong) Ltd,CHU - China Unicom (Hong Kong) Ltd
NYSE,XNY,China Xiniya Fashion Limited,XNY - China Xiniya Fashion Limited
NYSE,CYD,China Yuchai International Limited,CYD - China Yuchai International Limited
NYSE,ZX,China Zenix Auto International Limited,ZX - China Zenix Auto International Limited
NYSE,CMG,Chipotle Mexican Grill Inc,CMG - Chipotle Mexican Grill Inc
NYSE,CQB,Chiquita Brands International Inc,CQB - Chiquita Brands International Inc
NYSE,CHH,Choice Hotels International Inc,CHH - Choice Hotels International Inc
NYSE,CBK,Christopher and Banks Corporation,CBK - Christopher and Banks Corporation
NYSE,CB,Chubb Corporation (The),CB - Chubb Corporation (The)
NYSE,CHT,Chunghwa Telecom Co Ltd,CHT - Chunghwa Telecom Co Ltd
NYSE,CHD,Church and Dwight Company Inc,CHD - Church and Dwight Company Inc
NYSE,CBR,Ciber Inc,CBR - Ciber Inc
NYSE,CI,Cigna Corporation,CI - Cigna Corporation
NYSE,HIS,CIGNA High Income Shares,HIS - CIGNA High Income Shares
NYSE,XEC,Cimarex Energy Co,XEC - Cimarex Energy Co
NYSE,CBB,Cincinnati Bell Inc,CBB - Cincinnati Bell Inc
NYSE,CBB^B,Cincinnati Bell Inc,CBB^B - Cincinnati Bell Inc
NYSE,CNK,Cinemark Holdings Inc,CNK - Cinemark Holdings Inc
NYSE,CIR,CIRCOR International Inc,CIR - CIRCOR International Inc
NYSE,CIT,CIT Group Inc (DEL),CIT - CIT Group Inc (DEL)
NYSE,BLW,Citigroup Inc,BLW - Citigroup Inc
NYSE,C,Citigroup Inc,C - Citigroup Inc
NYSE,C WS A,Citigroup Inc,C WS A - Citigroup Inc
NYSE,C WS B,Citigroup Inc,C WS B - Citigroup Inc
NYSE,C^E,Citigroup Inc,C^E - Citigroup Inc
NYSE,C^F,Citigroup Inc,C^F - Citigroup Inc
NYSE,C^G,Citigroup Inc,C^G - Citigroup Inc
NYSE,C^H,Citigroup Inc,C^H - Citigroup Inc
NYSE,C^I,Citigroup Inc,C^I - Citigroup Inc
NYSE,C^J,Citigroup Inc,C^J - Citigroup Inc
NYSE,C^M,Citigroup Inc,C^M - Citigroup Inc
NYSE,C^N,Citigroup Inc,C^N - Citigroup Inc
NYSE,C^O,Citigroup Inc,C^O - Citigroup Inc
NYSE,C^P,Citigroup Inc,C^P - Citigroup Inc
NYSE,C^Q,Citigroup Inc,C^Q - Citigroup Inc
NYSE,C^R,Citigroup Inc,C^R - Citigroup Inc
NYSE,C^S,Citigroup Inc,C^S - Citigroup Inc
NYSE,C^U,Citigroup Inc,C^U - Citigroup Inc
NYSE,C^V,Citigroup Inc,C^V - Citigroup Inc
NYSE,C^W,Citigroup Inc,C^W - Citigroup Inc
NYSE,C^Z,Citigroup Inc,C^Z - Citigroup Inc
NYSE,CTZ^A,Citizens Republic Bancorp Inc,CTZ^A - Citizens Republic Bancorp Inc
NYSE,CIA,Citizens Inc,CIA - Citizens Inc
NYSE,CYN,City National Corporation,CYN - City National Corporation
NYSE,CLC,CLARCOR Inc,CLC - CLARCOR Inc
NYSE,CLH,Clean Harbors Inc,CLH - Clean Harbors Inc
NYSE,CCO,Clear Channel Outdoor Holdings Inc,CCO - Clear Channel Outdoor Holdings Inc
NYSE,CEM,ClearBridge Energy MLP Fund Inc,CEM - ClearBridge Energy MLP Fund Inc
NYSE,EMO,ClearBridge Energy MLP Opportunity Fund Inc,EMO - ClearBridge Energy MLP Opportunity Fund Inc
NYSE,CLW,Clearwater Paper Corporation,CLW - Clearwater Paper Corporation
NYSE,CNL,Cleco Corporation,CNL - Cleco Corporation
NYSE,CLF,Cliffs Natural Resources Inc,CLF - Cliffs Natural Resources Inc
NYSE,CLX,Clorox Company (The),CLX - Clorox Company (The)
NYSE,CLD,Cloud Peak Energy Inc,CLD - Cloud Peak Energy Inc
NYSE,CMS,CMS Energy Corporation,CMS - CMS Energy Corporation
NYSE,CMS^A,CMS Energy Corporation,CMS^A - CMS Energy Corporation
NYSE,CMS^B,CMS Energy Corporation,CMS^B - CMS Energy Corporation
NYSE,CNA,CNA Financial Corporation,CNA - CNA Financial Corporation
NYSE,CNW,CNF Inc,CNW - CNF Inc
NYSE,CNH,CNH Global NV,CNH - CNH Global NV
NYSE,CNO,CNO Financial Group Inc,CNO - CNO Financial Group Inc
NYSE,CEO,CNOOC Limited,CEO - CNOOC Limited
NYSE,COH,Coach Inc,COH - Coach Inc
NYSE,CIE,Cobalt International Energy Inc,CIE - Cobalt International Energy Inc
NYSE,KOF,Coca Cola Femsa SAB de CV,KOF - Coca Cola Femsa SAB de CV
NYSE,CCH,COCA COLA HELLENIC BOTTLING CO,CCH - COCA COLA HELLENIC BOTTLING CO
NYSE,KO,Coca-Cola Company (The),KO - Coca-Cola Company (The)
NYSE,CCE,Coca-Cola Enterprises Inc,CCE - Coca-Cola Enterprises Inc
NYSE,CDE,Coeur dand#39;Alene Mines Corporation,CDE - Coeur dand#39;Alene Mines Corporation
NYSE,FOF,Cohen and Steers Closed-End Opportunity Fund Inc,FOF - Cohen and Steers Closed-End Opportunity Fund Inc
NYSE,DVM,Cohen and Steers Dividend Majors Fund,DVM - Cohen and Steers Dividend Majors Fund
NYSE,INB,Cohen and Steers Global Income Builder Inc,INB - Cohen and Steers Global Income Builder Inc
NYSE,UTF,Cohen and Steers Infrastructure Fund Inc,UTF - Cohen and Steers Infrastructure Fund Inc
NYSE,RQI,Cohen and Steers Quality Income Realty Fund Inc,RQI - Cohen and Steers Quality Income Realty Fund Inc
NYSE,RNP,Cohen and Steers Reit and Preferred Income Fund Inc,RNP - Cohen and Steers Reit and Preferred Income Fund Inc
NYSE,PSF,Cohen and Steers Select Preferred and Income Fund Inc,PSF - Cohen and Steers Select Preferred and Income Fund Inc
NYSE,RFI,Cohen and Steers Total Return Realty Fund Inc,RFI - Cohen and Steers Total Return Realty Fund Inc
NYSE,CNS,Cohn and Steers Inc,CNS - Cohn and Steers Inc
NYSE,CFX,Colfax Corporation,CFX - Colfax Corporation
NYSE,CL,Colgate-Palmolive Company,CL - Colgate-Palmolive Company
NYSE,PSS,Collective Brands Inc,PSS - Collective Brands Inc
NYSE,CXE,Colonial High Income Municipal Trust,CXE - Colonial High Income Municipal Trust
NYSE,CMK,Colonial Intermarket Income Trust I,CMK - Colonial Intermarket Income Trust I
NYSE,CIF,Colonial Intermediate High Income Fund,CIF - Colonial Intermediate High Income Fund
NYSE,CXH,Colonial Investment Grade Municipal Trust,CXH - Colonial Investment Grade Municipal Trust
NYSE,CMU,Colonial Municipal Income Trust,CMU - Colonial Municipal Income Trust
