NYSE,WNS,WNS (Holdings) Limited,WNS - WNS (Holdings) Limited
NYSE,WWW,Wolverine World Wide Inc,WWW - Wolverine World Wide Inc
NYSE,WF,Woori Finance Holdings Co Ltd,WF - Woori Finance Holdings Co Ltd
NYSE,INT,World Fuel Services Corporation,INT - World Fuel Services Corporation
NYSE,WWE,World Wrestling Entertainment Inc,WWE - World Wrestling Entertainment Inc
NYSE,WOR,Worthington Industries Inc,WOR - Worthington Industries Inc
NYSE,WPX,WPX Energy Inc,WPX - WPX Energy Inc
NYSE,WXS,Wright Express Corporation,WXS - Wright Express Corporation
NYSE,WH,WSP Holdings Limited,WH - WSP Holdings Limited
NYSE,WX,Wuxi Pharmatech (Cayman) Inc,WX - Wuxi Pharmatech (Cayman) Inc
NYSE,WYN,Wyndham Worldwide Corp,WYN - Wyndham Worldwide Corp
NYSE,XCJ,Xcel Energy Inc,XCJ - Xcel Energy Inc
NYSE,XEL,Xcel Energy Inc,XEL - Xcel Energy Inc
NYSE,XRM,Xerium Technologies Inc,XRM - Xerium Technologies Inc
NYSE,XRX,Xerox Corporation,XRX - Xerox Corporation
NYSE,XIN,Xinyuan Real Estate Co Ltd,XIN - Xinyuan Real Estate Co Ltd
NYSE,XL,XL Group plc,XL - XL Group plc
NYSE,XUE,Xueda Education Group,XUE - Xueda Education Group
NYSE,AUY,Yamana Gold Inc,AUY - Yamana Gold Inc
NYSE,YZC,Yanzhou Coal Mining Company Limited,YZC - Yanzhou Coal Mining Company Limited
NYSE,YELP,Yelp Inc,YELP - Yelp Inc
NYSE,YGE,Yingli Green Energy Holding Company Limited,YGE - Yingli Green Energy Holding Company Limited
NYSE,YOKU,Youku Inc,YOKU - Youku Inc
NYSE,YPF,YPF Sociedad Anonima,YPF - YPF Sociedad Anonima
NYSE,YUM,Yum! Brands Inc,YUM - Yum! Brands Inc
NYSE,ZLC,Zale Corporation,ZLC - Zale Corporation
NYSE,ZEP,Zep Inc,ZEP - Zep Inc
NYSE,ZMH,Zimmer Holdings Inc,ZMH - Zimmer Holdings Inc
NYSE,HZD,Zion Oil and Gas Inc,HZD - Zion Oil and Gas Inc
NYSE,ZB^A,Zions Bancorporation,ZB^A - Zions Bancorporation
NYSE,ZB^B,Zions Bancorporation,ZB^B - Zions Bancorporation
NYSE,ZB^C,Zions Bancorporation,ZB^C - Zions Bancorporation
NYSE,ZB^E,Zions Bancorporation,ZB^E - Zions Bancorporation
NYSE,ZA,Zuoan Fashion Limited,ZA - Zuoan Fashion Limited
NYSE,ZF,Zweig Fund Inc (The),ZF - Zweig Fund Inc (The)
NYSE,ZTR,Zweig Total Return Fund Inc (The),ZTR - Zweig Total Return Fund Inc (The)
AMEX,FAX,Aberdeen Asia-Pacific Income Fund Inc,FAX - Aberdeen Asia-Pacific Income Fund Inc
AMEX,IAF,Aberdeen Australia Equity Fund Inc,IAF - Aberdeen Australia Equity Fund Inc
AMEX,CH,Aberdeen Chile Fund Inc,CH - Aberdeen Chile Fund Inc
AMEX,ETF,Aberdeen Emerging Markets Telecommunications and Infrastructur,ETF - Aberdeen Emerging Markets Telecommunications and Infrastructur
AMEX,FCO,Aberdeen Global Income Fund Inc,FCO - Aberdeen Global Income Fund Inc
AMEX,IF,Aberdeen Indonesia Fund Inc,IF - Aberdeen Indonesia Fund Inc
AMEX,ISL,Aberdeen Israel Fund Inc,ISL - Aberdeen Israel Fund Inc
AMEX,AXK,Accelr8 Technology Corporation,AXK - Accelr8 Technology Corporation
AMEX,ACU,Acme United Corporation,ACU - Acme United Corporation
AMEX,AE,Adams Resources and Energy Inc,AE - Adams Resources and Energy Inc
AMEX,ADK,Adcare Health Systems Inc,ADK - Adcare Health Systems Inc
AMEX,API,Advanced Photonix Inc,API - Advanced Photonix Inc
AMEX,ANX,ADVENTRX Pharmaceuticals Inc,ANX - ADVENTRX Pharmaceuticals Inc
AMEX,ACY,AeroCentury Corp,ACY - AeroCentury Corp
AMEX,AIM,Aerosonic Corporation,AIM - Aerosonic Corporation
AMEX,AA^,Alcoa Inc,AA^ - Alcoa Inc
AMEX,AXX,Alderon Iron Ore Corp,AXX - Alderon Iron Ore Corp
AMEX,AXU,Alexco Resource Corp,AXU - Alexco Resource Corp
AMEX,ANV,Allied Nevada Gold Corp,ANV - Allied Nevada Gold Corp
AMEX,AAU,Almaden Minerals Ltd,AAU - Almaden Minerals Ltd
AMEX,APT,Alpha Pro Tech Ltd,APT - Alpha Pro Tech Ltd
AMEX,DIT,AMCON Distributing Company,DIT - AMCON Distributing Company
AMEX,APP,American Apparel Inc,APP - American Apparel Inc
AMEX,ADGE,American DG Energy Inc,ADGE - American DG Energy Inc
AMEX,ALN,American Lorain Corporation,ALN - American Lorain Corporation
AMEX,AMS,American Shared Hospital Services,AMS - American Shared Hospital Services
AMEX,AQQ,American Spectrum Realty Inc,AQQ - American Spectrum Realty Inc
AMEX,ANO,Anooraq Resources Corporation,ANO - Anooraq Resources Corporation
AMEX,AIS,Antares Pharma Inc,AIS - Antares Pharma Inc
AMEX,BRD,Apollo Gold Corporation,BRD - Apollo Gold Corporation
AMEX,AGX,Argan Inc,AGX - Argan Inc
AMEX,ARR WS,Armour Residential R,ARR WS - Armour Residential R
AMEX,HRT,Arrhythmia Research Technology Inc,HRT - Arrhythmia Research Technology Inc
AMEX,ATC,ATC Venture Group Inc,ATC - ATC Venture Group Inc
AMEX,AZC,Augusta Resource Corporation,AZC - Augusta Resource Corporation
AMEX,AZK,Aurizon Mines Ltd,AZK - Aurizon Mines Ltd
AMEX,AWX,Avalon Holdings Corporation,AWX - Avalon Holdings Corporation
AMEX,AVL,Avalon Rare Metals Inc,AVL - Avalon Rare Metals Inc
AMEX,ASM,Avino Silver,ASM - Avino Silver
AMEX,BONE,Bacterin International Holdings Inc,BONE - Bacterin International Holdings Inc
AMEX,BKR,Baker (Michael) Corporation,BKR - Baker (Michael) Corporation
AMEX,BTN,Ballantyne Strong Inc,BTN - Ballantyne Strong Inc
AMEX,BKJ,Bancorp of New Jersey Inc,BKJ - Bancorp of New Jersey Inc
AMEX,BCV,Bancroft Convertible Fund Inc,BCV - Bancroft Convertible Fund Inc
AMEX,BAA,BANRO CORPORATION,BAA - BANRO CORPORATION
AMEX,BHB,Bar Harbor Bankshares Inc,BHB - Bar Harbor Bankshares Inc
AMEX,BRN,Barnwell Industries Inc,BRN - Barnwell Industries Inc
AMEX,BIR^A,Berkshire Income Realty Inc,BIR^A - Berkshire Income Realty Inc
AMEX,BTX,BioTime Inc,BTX - BioTime Inc
AMEX,BMJ,Birks and Mayors Inc,BMJ - Birks and Mayors Inc
AMEX,RFA,BlackRock Florida Investment Quality Municipal Trust Inc (The,RFA - BlackRock Florida Investment Quality Municipal Trust Inc (The
AMEX,BZM,BlackRock Maryland Municipal Bond Trust,BZM - BlackRock Maryland Municipal Bond Trust
AMEX,BLE,BlackRock Municipal Income Trust II,BLE - BlackRock Municipal Income Trust II
AMEX,RNJ,BlackRock New Jersey Investment Quality Municipal Trust Inc,RNJ - BlackRock New Jersey Investment Quality Municipal Trust Inc
AMEX,BLJ,Blackrock New Jersey Municipal Bond Trust,BLJ - Blackrock New Jersey Municipal Bond Trust
AMEX,RNY,BlackRock New York Investment Quality Municipal Trust Inc (Th,RNY - BlackRock New York Investment Quality Municipal Trust Inc (Th
AMEX,BFY,BlackRock New York Municipal Income Trust II,BFY - BlackRock New York Municipal Income Trust II
AMEX,BPS,BlackRock Pennsylvania Strategic Municipal Trust (The),BPS - BlackRock Pennsylvania Strategic Municipal Trust (The)
AMEX,BHV,BlackRock Virginia Municipal Bond Trust,BHV - BlackRock Virginia Municipal Bond Trust
AMEX,BDR,Blonder Tongue Laboratories Inc,BDR - Blonder Tongue Laboratories Inc
AMEX,BVX,Bovie Medical Corporation,BVX - Bovie Medical Corporation
AMEX,BWL A,Bowl America Inc,BWL A - Bowl America Inc
AMEX,BZC,Breeze-Eastern Corporation,BZC - Breeze-Eastern Corporation
AMEX,BTI,British American Tobacco  Industries plc,BTI - British American Tobacco  Industries plc
AMEX,CAK,CAMAC Energy Inc,CAK - CAMAC Energy Inc
AMEX,CDY,Cardero Resource Corporation,CDY - Cardero Resource Corporation
AMEX,CXM,Cardium Therapeutics Inc,CXM - Cardium Therapeutics Inc
AMEX,ROX,Castle Brands Inc,ROX - Castle Brands Inc
AMEX,CAW,CCA Industries Inc,CAW - CCA Industries Inc
AMEX,CVM,Cel-Sci Corporation,CVM - Cel-Sci Corporation
AMEX,CEF,Central Fund of Canada Limited,CEF - Central Fund of Canada Limited
AMEX,GTU,Central Gold Trust,GTU - Central Gold Trust
AMEX,CET,Central Securities Corporation,CET - Central Securities Corporation
AMEX,CCF,Chase Corporation,CCF - Chase Corporation
AMEX,CQP,Cheniere Energy Partners LP,CQP - Cheniere Energy Partners LP
AMEX,LNG,Cheniere Energy Inc,LNG - Cheniere Energy Inc
AMEX,CVR,Chicago Rivet and Machine Co,CVR - Chicago Rivet and Machine Co
AMEX,AXN,China Aoxing Pharmaceutical Company Inc,AXN - China Aoxing Pharmaceutical Company Inc
AMEX,CNAM,China Armco Metals Inc,CNAM - China Armco Metals Inc
AMEX,CBP,China Botanic Pharmaceutical Inc,CBP - China Botanic Pharmaceutical Inc
AMEX,CHGS,China GengSheng Minerals Inc,CHGS - China GengSheng Minerals Inc
AMEX,CMFO,China Marine Food Group Limited,CMFO - China Marine Food Group Limited
AMEX,CNR,China Metro-Rural Holdings Limited,CNR - China Metro-Rural Holdings Limited
AMEX,NEP,China North East Petroleum Holdings Limited,NEP - China North East Petroleum Holdings Limited
AMEX,CNGL,China Nutrifruit Group Limited,CNGL - China Nutrifruit Group Limited
AMEX,CPHI,China Pharma Holdings Inc,CPHI - China Pharma Holdings Inc
AMEX,SHZ,China Shen Zhou Mining and Resources Inc,SHZ - China Shen Zhou Mining and Resources Inc
AMEX,KUN,China Shenghuo Pharmaceutical Holdings Inc,KUN - China Shenghuo Pharmaceutical Holdings Inc
AMEX,CRC,Chromcraft Revington Inc,CRC - Chromcraft Revington Inc
AMEX,MBA,CIBT Education Group Inc,MBA - CIBT Education Group Inc
AMEX,CKX,CKX Lands Inc,CKX - CKX Lands Inc
AMEX,CGR,Claude Resources Inc,CGR - Claude Resources Inc
AMEX,GLV,Clough Global Allocation Fund,GLV - Clough Global Allocation Fund
AMEX,GLQ,Clough Global Equity Fund,GLQ - Clough Global Equity Fund
AMEX,GLO,Clough Global Opportunities Fund,GLO - Clough Global Opportunities Fund
AMEX,CRV,Coast Distribution System Inc (The),CRV - Coast Distribution System Inc (The)
AMEX,MOC,Command Security Corporation,MOC - Command Security Corporation
AMEX,BTC,Community Bankers Trust Corporation,BTC - Community Bankers Trust Corporation
AMEX,CIX,CompX International Inc,CIX - CompX International Inc
AMEX,LODE,Comstock Mining Inc,LODE - Comstock Mining Inc
AMEX,CONM,Conmed Healthcare Management Inc,CONM - Conmed Healthcare Management Inc
AMEX,CTO,Consolidated-Tomoka Land Co,CTO - Consolidated-Tomoka Land Co
AMEX,CEP,Constellation Energy Partners LLC,CEP - Constellation Energy Partners LLC
AMEX,MCF,Contango Oil and Gas Company,MCF - Contango Oil and Gas Company
AMEX,CUO,Continental Materials Corporation,CUO - Continental Materials Corporation
AMEX,CMT,Core Molding Technologies Inc,CMT - Core Molding Technologies Inc
AMEX,CRMD,CorMedix Inc,CRMD - CorMedix Inc
AMEX,CRMD WS,CorMedix Inc,CRMD WS - CorMedix Inc
AMEX,CFP,Cornerstone Progressive Return Fund,CFP - Cornerstone Progressive Return Fund
AMEX,CRF,Cornerstone Strategic Return Fund Inc (The),CRF - Cornerstone Strategic Return Fund Inc (The)
AMEX,CLM,Cornerstone Strategic Value Fund Inc,CLM - Cornerstone Strategic Value Fund Inc
AMEX,COVR,Cover-All Technologies Inc,COVR - Cover-All Technologies Inc
AMEX,CVU,CPI Aerostructures Inc,CVU - CPI Aerostructures Inc
AMEX,CIK,Credit Suisse Asset Management Income Fund Inc,CIK - Credit Suisse Asset Management Income Fund Inc
AMEX,DHY,Credit Suisse High Yield Bond Fund,DHY - Credit Suisse High Yield Bond Fund
AMEX,EXE,Crexendo Inc,EXE - Crexendo Inc
AMEX,CXZ,Crosshair Energy Corp,CXZ - Crosshair Energy Corp
AMEX,CRVP,Crystal Rock Holdings Inc,CRVP - Crystal Rock Holdings Inc
AMEX,CTP,CTPartners Executive Search Inc,CTP - CTPartners Executive Search Inc
AMEX,QBC,Cubic Energy Inc,QBC - Cubic Energy Inc
AMEX,DXR,Daxor Corporation,DXR - Daxor Corporation
AMEX,DEJ,Dejour Energy Inc,DEJ - Dejour Energy Inc
AMEX,VCF,Delaware Investments Colorado Municipal Income Fund Inc,VCF - Delaware Investments Colorado Municipal Income Fund Inc
AMEX,VFL,Delaware Investments Florida Insured Municipal Income Fund,VFL - Delaware Investments Florida Insured Municipal Income Fund
AMEX,VMM,Delaware Investments Minnesota Municipal Income Fund II Inc,VMM - Delaware Investments Minnesota Municipal Income Fund II Inc
AMEX,DLA,Delta Apparel Inc,DLA - Delta Apparel Inc
AMEX,DGSE,DGSE Companies Inc,DGSE - DGSE Companies Inc
AMEX,DPW,Digital Power Corporation,DPW - Digital Power Corporation
AMEX,DSS,Document Security Systems Inc,DSS - Document Security Systems Inc
AMEX,DRJ,Dreams Inc,DRJ - Dreams Inc
AMEX,DMF,Dreyfus Municipal Income Inc,DMF - Dreyfus Municipal Income Inc
AMEX,GRF,Eagle Capital Growth Fund Inc,GRF - Eagle Capital Growth Fund Inc
AMEX,ESTE,Earthstone Energy Inc,ESTE - Earthstone Energy Inc
AMEX,EVM,Eaton Vance California Municipal Bond Fund,EVM - Eaton Vance California Municipal Bond Fund
AMEX,EIA,Eaton Vance California Municipal Bond Fund II,EIA - Eaton Vance California Municipal Bond Fund II
AMEX,CEV,Eaton Vance California Municipal Income Trust,CEV - Eaton Vance California Municipal Income Trust
AMEX,EVV,Eaton Vance Limited Duration Income Fund,EVV - Eaton Vance Limited Duration Income Fund
AMEX,MAB,Eaton Vance Massachusetts Municipal Bond Fund,MAB - Eaton Vance Massachusetts Municipal Bond Fund
AMEX,MMV,Eaton Vance Massachusetts Municipal Income Trust,MMV - Eaton Vance Massachusetts Municipal Income Trust
AMEX,MIW,Eaton Vance Michigan Municipal Bond Fund,MIW - Eaton Vance Michigan Municipal Bond Fund
AMEX,EMI,Eaton Vance Michigan Municipal Income Trust,EMI - Eaton Vance Michigan Municipal Income Trust
AMEX,EIM,Eaton Vance Municipal Bond Fund,EIM - Eaton Vance Municipal Bond Fund
AMEX,EIV,Eaton Vance Municipal Bond Fund II,EIV - Eaton Vance Municipal Bond Fund II
AMEX,EMJ,Eaton Vance New Jersey Municipal Bond Fund,EMJ - Eaton Vance New Jersey Municipal Bond Fund
AMEX,EVJ,Eaton Vance New Jersey Municipal Income Trust,EVJ - Eaton Vance New Jersey Municipal Income Trust
AMEX,ENX,Eaton Vance New York Municipal Bond Fund,ENX - Eaton Vance New York Municipal Bond Fund
AMEX,NYH,Eaton Vance New York Municipal Bond Fund II,NYH - Eaton Vance New York Municipal Bond Fund II
AMEX,EVY,Eaton Vance New York Municipal Income Trust,EVY - Eaton Vance New York Municipal Income Trust
AMEX,EIO,Eaton Vance Ohio Municipal Bond Fund,EIO - Eaton Vance Ohio Municipal Bond Fund
AMEX,EVO,Eaton Vance Ohio Municipal Income Trust,EVO - Eaton Vance Ohio Municipal Income Trust
AMEX,EIP,Eaton Vance Pennsylvania Municipal Bond Fund,EIP - Eaton Vance Pennsylvania Municipal Bond Fund
AMEX,EVP,Eaton Vance Pennsylvania Municipal Income Trust,EVP - Eaton Vance Pennsylvania Municipal Income Trust
AMEX,ECBE,ECB Bancorp Inc,ECBE - ECB Bancorp Inc
AMEX,ELMD,Electromed Inc,ELMD - Electromed Inc
AMEX,ETAK,Elephant Talk Communications Inc,ETAK - Elephant Talk Communications Inc
AMEX,ELLI,Ellie Mae Inc,ELLI - Ellie Mae Inc
AMEX,ELLO,Ellomay Capital Ltd,ELLO - Ellomay Capital Ltd
AMEX,ECF,Ellsworth Convertible Growth and Income Fund Inc,ECF - Ellsworth Convertible Growth and Income Fund Inc
AMEX,EMAN,eMagin Corporation,EMAN - eMagin Corporation
AMEX,MSN,Emerson Radio Corporation,MSN - Emerson Radio Corporation
AMEX,ESA,Energy Services Acquisition Corp,ESA - Energy Services Acquisition Corp
AMEX,EGX,Engex Inc,EGX - Engex Inc
AMEX,ENA,Enova Systems Inc,ENA - Enova Systems Inc
AMEX,EGT,Entertainment Gaming Asia Incorporated,EGT - Entertainment Gaming Asia Incorporated
AMEX,EGI,Entree Gold Inc,EGI - Entree Gold Inc
AMEX,EVI,EnviroStarm Inc,EVI - EnviroStarm Inc
AMEX,ESP,Espey Mfg and Electronics Corp,ESP - Espey Mfg and Electronics Corp
AMEX,ETUA,eUnits 2 Year US Market Participation Trust,ETUA - eUnits 2 Year US Market Participation Trust
AMEX,EMXX,Eurasian Minerals Inc,EMXX - Eurasian Minerals Inc
AMEX,EVBN,Evans Bancorp Inc,EVBN - Evans Bancorp Inc
AMEX,EVK,Ever-Glory International Group Inc,EVK - Ever-Glory International Group Inc
AMEX,EPM,Evolution Petroleum Corporation Inc,EPM - Evolution Petroleum Corporation Inc
AMEX,EPM^A,Evolution Petroleum Corporation Inc,EPM^A - Evolution Petroleum Corporation Inc
AMEX,XRA,Exeter Resource Corporation,XRA - Exeter Resource Corporation
AMEX,XG,Extorre Gold Mines Ltd,XG - Extorre Gold Mines Ltd
AMEX,FPP,FieldPoint Petroleum Corporation,FPP - FieldPoint Petroleum Corporation
AMEX,FPP WS,FieldPoint Petroleum Corporation,FPP WS - FieldPoint Petroleum Corporation
AMEX,MXN,First American Minnesota Municipal Income Fund II Inc,MXN - First American Minnesota Municipal Income Fund II Inc
AMEX,FEN,First Trust Energy Income and Growth Fund,FEN - First Trust Energy Income and Growth Fund
AMEX,FWV,First West Virginia Bancorp Inc,FWV - First West Virginia Bancorp Inc
AMEX,BDL,Flaniganand#39;s Enterprises Inc,BDL - Flaniganand#39;s Enterprises Inc
AMEX,FSI,Flexible Solutions International Inc,FSI - Flexible Solutions International Inc
AMEX,FFI,Fortune Diversified Industries Inc,FFI - Fortune Diversified Industries Inc
AMEX,FSP,Franklin Street Properties Corp,FSP - Franklin Street Properties Corp
AMEX,FTF,Franklin Templeton Limited Duration Income Trust,FTF - Franklin Templeton Limited Duration Income Trust
AMEX,FOH,Frederickand#39;s of Hollywood Group,FOH - Frederickand#39;s of Hollywood Group
AMEX,FRD,Friedman Industries Inc,FRD - Friedman Industries Inc
AMEX,FRS,Frischand#39;s Restaurants Inc,FRS - Frischand#39;s Restaurants Inc
AMEX,FLL,Full House Resorts Inc,FLL - Full House Resorts Inc
AMEX,GLU,Gabelli Global Utility,GLU - Gabelli Global Utility
AMEX,GGN,GAMCO Global Gold Natural Reources and Income Trust by Gabelli,GGN - GAMCO Global Gold Natural Reources and Income Trust by Gabelli
AMEX,GGN^A,GAMCO Global Gold Natural Reources and Income Trust by Gabelli,GGN^A - GAMCO Global Gold Natural Reources and Income Trust by Gabelli
AMEX,EGAS,Gas Natural Inc,EGAS - Gas Natural Inc
AMEX,GSX,GASCO ENERGY INC,GSX - GASCO ENERGY INC
AMEX,GST,Gastar Exploration,GST - Gastar Exploration
AMEX,GST^A,Gastar Exploration,GST^A - Gastar Exploration
AMEX,JOB,General Employment Enterprises Inc,JOB - General Employment Enterprises Inc
AMEX,GMO,General Moly Inc,GMO - General Moly Inc
AMEX,GGR,GeoGlobal Resources Inc,GGR - GeoGlobal Resources Inc
AMEX,GOK,Geokinetics Inc,GOK - Geokinetics Inc
AMEX,GPR,GeoPetro Resources Co,GPR - GeoPetro Resources Co
AMEX,GSB,GlobalSCAPE Inc,GSB - GlobalSCAPE Inc
AMEX,GLOW,Glowpoint Inc,GLOW - Glowpoint Inc
AMEX,GRZ,Gold Reserve Inc,GRZ - Gold Reserve Inc
AMEX,GORO,Gold Resource Corporation,GORO - Gold Resource Corporation
AMEX,AUMN,Golden Minerals Co,AUMN - Golden Minerals Co
AMEX,GSS,Golden Star Resources Ltd,GSS - Golden Star Resources Ltd
AMEX,GV,Goldfield Corporation (The),GV - Goldfield Corporation (The)
AMEX,GRC,Gorman-Rupp Company (The),GRC - Gorman-Rupp Company (The)
AMEX,GHM,Graham Corporation,GHM - Graham Corporation
AMEX,GTE,Gran Tierra Energy Inc,GTE - Gran Tierra Energy Inc
AMEX,GBG,Great Basin Gold Ltd,GBG - Great Basin Gold Ltd
AMEX,GPL,Great Panther Silver Limited,GPL - Great Panther Silver Limited
AMEX,GRH,GreenHunter Energy Inc,GRH - GreenHunter Energy Inc
AMEX,SIM,Grupo Simec SA de CV,SIM - Grupo Simec SA de CV
AMEX,GVP,GSE Systems Inc,GVP - GSE Systems Inc
AMEX,HWG,Hallwood Group Incorporated,HWG - Hallwood Group Incorporated
AMEX,HBP,Helix Biopherma Cp,HBP - Helix Biopherma Cp
AMEX,HEB,Hemispherx BioPharma Inc,HEB - Hemispherx BioPharma Inc
AMEX,HLM^,Hillman Group Capital Trust,HLM^ - Hillman Group Capital Trust
AMEX,HKN,HKN Inc,HKN - HKN Inc
AMEX,HMG,HMG Courtland Properties Inc,HMG - HMG Courtland Properties Inc
AMEX,HH,Hooper Holmes Inc,HH - Hooper Holmes Inc
AMEX,HUSA,Houston American Energy Corporation,HUSA - Houston American Energy Corporation
AMEX,IBIO,iBio Inc,IBIO - iBio Inc
AMEX,IBO,IBO (Listing Market - NYSE Amex Network B F),IBO - IBO (Listing Market - NYSE Amex Network B F)
AMEX,IEC,IEC Electronics Corp,IEC - IEC Electronics Corp
AMEX,IG,IGI Laboratories Inc,IG - IGI Laboratories Inc
AMEX,IMH,Impac Mortgage Holdings Inc,IMH - Impac Mortgage Holdings Inc
AMEX,IMO,Imperial Oil Limited,IMO - Imperial Oil Limited
AMEX,IOT,Income Opportunity Realty Trust,IOT - Income Opportunity Realty Trust
AMEX,IGC,India Globalization Capital Inc,IGC - India Globalization Capital Inc
AMEX,IGC U,India Globalization Capital Inc,IGC U - India Globalization Capital Inc
AMEX,IGC WS,India Globalization Capital Inc,IGC WS - India Globalization Capital Inc
AMEX,INFU,InfuSystems Holdings Inc,INFU - InfuSystems Holdings Inc
AMEX,INV,Innovaro Inc,INV - Innovaro Inc
AMEX,IHT,InnSuites Hospitality Trust,IHT - InnSuites Hospitality Trust
AMEX,INO,Inovio Pharmaceuticals Inc,INO - Inovio Pharmaceuticals Inc
AMEX,IFMI,Institutional Financial Markets Inc,IFMI - Institutional Financial Markets Inc
AMEX,IDN,Intellicheck Mobilisia Inc,IDN - Intellicheck Mobilisia Inc
AMEX,INS,Intelligent Systems Corporation,INS - Intelligent Systems Corporation
AMEX,THM,International Tower Hill Mines Ltd,THM - International Tower Hill Mines Ltd
AMEX,DNN,Intl Uranium Corp,DNN - Intl Uranium Corp
AMEX,INUV,Inuvo Inc,INUV - Inuvo Inc
AMEX,VKI,Invesco Van Kampen Advantage Municipal Income Trust II,VKI - Invesco Van Kampen Advantage Municipal Income Trust II
AMEX,VMV,Invesco Van Kampen Massachusetts Value Municipal Income Trust,VMV - Invesco Van Kampen Massachusetts Value Municipal Income Trust
AMEX,VKL,Invesco Van Kampen Select Sector Municipal Trust,VKL - Invesco Van Kampen Select Sector Municipal Trust
AMEX,ICH,Investors Capital Holdings Ltd,ICH - Investors Capital Holdings Ltd
AMEX,IPT,iParty Corporation,IPT - iParty Corporation
AMEX,ISR,IsoRay Inc,ISR - IsoRay Inc
AMEX,ITI,Iteris Inc,ITI - Iteris Inc
AMEX,IVD,IVAX Diagnostics Inc,IVD - IVAX Diagnostics Inc
AMEX,KGN,Keegan Resources Inc,KGN - Keegan Resources Inc
AMEX,KBX,Kimber Resources Inc,KBX - Kimber Resources Inc
AMEX,KXM,Kobex Minerals Inc,KXM - Kobex Minerals Inc
AMEX,LTS,Ladenburg Thalmann Financial Services Inc,LTS - Ladenburg Thalmann Financial Services Inc
AMEX,LSG,Lake Shore Gold Corp,LSG - Lake Shore Gold Corp
AMEX,LCI,Lannett Co Inc,LCI - Lannett Co Inc
AMEX,LAQ,Latin America Equity Fund Inc (The),LAQ - Latin America Equity Fund Inc (The)
AMEX,LGL,LGL Group Inc (The),LGL - LGL Group Inc (The)
AMEX,LBY,Libbey Inc,LBY - Libbey Inc
AMEX,LON,Loncor Resources Inc,LON - Loncor Resources Inc
AMEX,LPH,Longwei Petroleum Investment Holding Limited,LPH - Longwei Petroleum Investment Holding Limited
AMEX,LEI,Lucas Energy Inc,LEI - Lucas Energy Inc
AMEX,MCZ,Mad Catz Interactive Inc,MCZ - Mad Catz Interactive Inc
AMEX,MVG,Mag Silver Corporation,MVG - Mag Silver Corporation
AMEX,MHR^C,Magnum Hunter Resources Corporation,MHR^C - Magnum Hunter Resources Corporation
AMEX,MHR^D,Magnum Hunter Resources Corporation,MHR^D - Magnum Hunter Resources Corporation
AMEX,MHE,Massachusetts Health and Education Tax-Exempt Trust,MHE - Massachusetts Health and Education Tax-Exempt Trust
AMEX,MHH,Mastech Holdings Inc,MHH - Mastech Holdings Inc
AMEX,MDGN,Medgenics Inc,MDGN - Medgenics Inc
AMEX,MDGN WS,Medgenics Inc,MDGN WS - Medgenics Inc
AMEX,IPB,Merrill Lynch and Co Inc,IPB - Merrill Lynch and Co Inc
AMEX,MEA,Metalico Inc,MEA - Metalico Inc
AMEX,MXC,Mexco Energy Corporation,MXC - Mexco Energy Corporation
AMEX,CCA,MFS California Insured Municipal Trust,CCA - MFS California Insured Municipal Trust
AMEX,MGT,MGT Capital Investments Inc,MGT - MGT Capital Investments Inc
AMEX,MSL,MidSouth Bancorp,MSL - MidSouth Bancorp
AMEX,MDW,Midway Gold Corporation,MDW - Midway Gold Corporation
AMEX,MGH,Minco Gold Corporation,MGH - Minco Gold Corporation
AMEX,MGN,Mines Management Inc,MGN - Mines Management Inc
AMEX,MXA,Minnesota Municipal Income Portfolio Inc,MXA - Minnesota Municipal Income Portfolio Inc
AMEX,MDM,Mountain Province Diamonds Inc,MDM - Mountain Province Diamonds Inc
AMEX,MVF,MuniVest Fund Inc,MVF - MuniVest Fund Inc
AMEX,MZA,MuniYield Arizona Fund Inc,MZA - MuniYield Arizona Fund Inc
AMEX,NHC,National HealthCare Corporation,NHC - National HealthCare Corporation
AMEX,NHC^A,National HealthCare Corporation,NHC^A - National HealthCare Corporation
AMEX,NAVB,Navidea Biopharmaceuticals Inc,NAVB - Navidea Biopharmaceuticals Inc
AMEX,NBS,Neostem Inc,NBS - Neostem Inc
AMEX,NBS WS,Neostem Inc,NBS WS - Neostem Inc
AMEX,NBW,Neuberger Berman California Intermediate Municipal Fund Inc,NBW - Neuberger Berman California Intermediate Municipal Fund Inc
AMEX,NHS,Neuberger Berman High Yield Strategies Fund,NHS - Neuberger Berman High Yield Strategies Fund
AMEX,NBH,Neuberger Berman Intermediate Municipal Fund Inc,NBH - Neuberger Berman Intermediate Municipal Fund Inc
AMEX,NBO,Neuberger Berman New York Intermediate Municipal Fund Inc,NBO - Neuberger Berman New York Intermediate Municipal Fund Inc
AMEX,NRO,Neuberger Berman Real Estate Securities Income Fund Inc,NRO - Neuberger Berman Real Estate Securities Income Fund Inc
AMEX,CUR,Neuralstem Inc,CUR - Neuralstem Inc
AMEX,UWN,Nevada Gold and Casinos Inc,UWN - Nevada Gold and Casinos Inc
AMEX,NSU,Nevsun Resources Ltd,NSU - Nevsun Resources Ltd
AMEX,GBR,New Concept Energy Inc,GBR - New Concept Energy Inc
AMEX,NEWN,New Energy Systems Group,NEWN - New Energy Systems Group
AMEX,NEN,New England Realty Associates Limited Partnership,NEN - New England Realty Associates Limited Partnership
AMEX,NGD,NEW GOLD INC,NGD - NEW GOLD INC
AMEX,PAL,North American Palladium Ltd,PAL - North American Palladium Ltd
AMEX,NAK,Northern Dynasty Minerals Ltd,NAK - Northern Dynasty Minerals Ltd
AMEX,NOG,Northern Oil and Gas Inc,NOG - Northern Oil and Gas Inc
AMEX,NBY,NovaBay Pharmaceuticals Inc,NBY - NovaBay Pharmaceuticals Inc
AMEX,NG,Novagold Resources Inc New,NG - Novagold Resources Inc New
AMEX,NTN,NTN Buzztime Inc,NTN - NTN Buzztime Inc
AMEX,NLP,NTS Realty Holdings Limited Partnership,NLP - NTS Realty Holdings Limited Partnership
AMEX,NTS,NTS Inc,NTS - NTS Inc
AMEX,NEA,Nuveen AMT-Free Municipal Income Fund,NEA - Nuveen AMT-Free Municipal Income Fund
AMEX,NFZ,Nuveen Arizona Dividend Advantage Municipal Fund,NFZ - Nuveen Arizona Dividend Advantage Municipal Fund
AMEX,NFZ^C,Nuveen Arizona Dividend Advantage Municipal Fund,NFZ^C - Nuveen Arizona Dividend Advantage Municipal Fund
AMEX,NKR,Nuveen Arizona Dividend Advantage Municipal Fund 2,NKR - Nuveen Arizona Dividend Advantage Municipal Fund 2
AMEX,NXE,Nuveen Arizona Dividend Advantage Municipal Fund 3,NXE - Nuveen Arizona Dividend Advantage Municipal Fund 3
AMEX,NVX,Nuveen California Dividend Advantage Municipal Fund 2,NVX - Nuveen California Dividend Advantage Municipal Fund 2
AMEX,NZH,Nuveen California Dividend Advantage Municipal Fund 3,NZH - Nuveen California Dividend Advantage Municipal Fund 3
AMEX,NCB,Nuveen California Municipal Value Fund 2,NCB - Nuveen California Municipal Value Fund 2
AMEX,NCU,Nuveen California Premium Income Municipal Fund,NCU - Nuveen California Premium Income Municipal Fund
AMEX,NFC,Nuveen Connecticut Dividend Advantage Municipal Fund,NFC - Nuveen Connecticut Dividend Advantage Municipal Fund
AMEX,NGK,Nuveen Connecticut Dividend Advantage Municipal Fund 2,NGK - Nuveen Connecticut Dividend Advantage Municipal Fund 2
AMEX,NGO,Nuveen Connecticut Dividend Advantage Municipal Fund 3,NGO - Nuveen Connecticut Dividend Advantage Municipal Fund 3
AMEX,CFD,Nuveen Diversified Commodity Fund,CFD - Nuveen Diversified Commodity Fund
AMEX,NXZ,Nuveen Dividend Advantage Municipal Fund 2,NXZ - Nuveen Dividend Advantage Municipal Fund 2
AMEX,NZF,Nuveen Dividend Advantage Municipal Fund 3,NZF - Nuveen Dividend Advantage Municipal Fund 3
AMEX,NVG,Nuveen Dividend Advantage Municipal Income Fund,NVG - Nuveen Dividend Advantage Municipal Income Fund
AMEX,NZX,Nuveen Georgia Dividend Advantage Municipal Fund,NZX - Nuveen Georgia Dividend Advantage Municipal Fund
AMEX,NZX^C,Nuveen Georgia Dividend Advantage Municipal Fund,NZX^C - Nuveen Georgia Dividend Advantage Municipal Fund
AMEX,NKG,Nuveen Georgia Dividend Advantage Municipal Fund 2,NKG - Nuveen Georgia Dividend Advantage Municipal Fund 2
AMEX,NPG,Nuveen Georgia Premium Income Municipal Fund,NPG - Nuveen Georgia Premium Income Municipal Fund
AMEX,NKL,Nuveen Insured California Dividend Advantage Municipal Fund,NKL - Nuveen Insured California Dividend Advantage Municipal Fund
AMEX,NKX,Nuveen Insured California Tax-Free Advantage Municipal Fund,NKX - Nuveen Insured California Tax-Free Advantage Municipal Fund
AMEX,NGX,Nuveen Insured Massachusetts Tax-Free Advantage Municipal Fund,NGX - Nuveen Insured Massachusetts Tax-Free Advantage Municipal Fund
AMEX,NFM,Nuveen Maryland Dividend Advantage Municipal Fund,NFM - Nuveen Maryland Dividend Advantage Municipal Fund
AMEX,NZR,Nuveen Maryland Dividend Advantage Municipal Fund 2,NZR - Nuveen Maryland Dividend Advantage Municipal Fund 2
AMEX,NWI,Nuveen Maryland Dividend Advantage Municipal Fund 3,NWI - Nuveen Maryland Dividend Advantage Municipal Fund 3
AMEX,NMB,Nuveen Massachusetts Dividend Advantage Municipal Fund,NMB - Nuveen Massachusetts Dividend Advantage Municipal Fund
AMEX,NMB^C,Nuveen Massachusetts Dividend Advantage Municipal Fund,NMB^C - Nuveen Massachusetts Dividend Advantage Municipal Fund
AMEX,NZW,Nuveen Michigan Dividend Advantage Municipal Fund,NZW - Nuveen Michigan Dividend Advantage Municipal Fund
AMEX,NZW^C,Nuveen Michigan Dividend Advantage Municipal Fund,NZW^C - Nuveen Michigan Dividend Advantage Municipal Fund
AMEX,NOM,Nuveen Missouri Premium Income Municipal Fund,NOM - Nuveen Missouri Premium Income Municipal Fund
AMEX,NMZ,Nuveen Municipal High Income Opportunity Fund,NMZ - Nuveen Municipal High Income Opportunity Fund
AMEX,NXJ,Nuveen New Jersey Dividend Advantage Municipal Fund,NXJ - Nuveen New Jersey Dividend Advantage Municipal Fund
AMEX,NUJ,Nuveen New Jersey Dividend Advantage Municipal Fund 2,NUJ - Nuveen New Jersey Dividend Advantage Municipal Fund 2
AMEX,NJV,Nuveen New Jersey Municipal Value Fund,NJV - Nuveen New Jersey Municipal Value Fund
AMEX,NRK,Nuveen New York AMT-Free Municipal Income Fund,NRK - Nuveen New York AMT-Free Municipal Income Fund
AMEX,NXK,Nuveen New York Dividend Advantage Municipal Fund 2,NXK - Nuveen New York Dividend Advantage Municipal Fund 2
AMEX,NKO,Nuveen New York Dividend Advantage Municipal Income Fund,NKO - Nuveen New York Dividend Advantage Municipal Income Fund
AMEX,NYV,Nuveen New York Municipal Value Fund 2,NYV - Nuveen New York Municipal Value Fund 2
AMEX,NRB,Nuveen North Carolina Dividend Advantage Municipal Fund,NRB - Nuveen North Carolina Dividend Advantage Municipal Fund
AMEX,NNO,Nuveen North Carolina Dividend Advantage Municipal Fund 2,NNO - Nuveen North Carolina Dividend Advantage Municipal Fund 2
AMEX,NII,Nuveen North Carolina Dividend Advantage Municipal Fund 3,NII - Nuveen North Carolina Dividend Advantage Municipal Fund 3
AMEX,NXI,Nuveen Ohio Dividend Advantage Municipal Fund,NXI - Nuveen Ohio Dividend Advantage Municipal Fund
AMEX,NXI^D,Nuveen Ohio Dividend Advantage Municipal Fund,NXI^D - Nuveen Ohio Dividend Advantage Municipal Fund
AMEX,NBJ,Nuveen Ohio Dividend Advantage Municipal Fund 2,NBJ - Nuveen Ohio Dividend Advantage Municipal Fund 2
AMEX,NBJ^A,Nuveen Ohio Dividend Advantage Municipal Fund 2,NBJ^A - Nuveen Ohio Dividend Advantage Municipal Fund 2
AMEX,NVJ,Nuveen Ohio Dividend Advantage Municipal Fund 3,NVJ - Nuveen Ohio Dividend Advantage Municipal Fund 3
AMEX,NVJ^A,Nuveen Ohio Dividend Advantage Municipal Fund 3,NVJ^A - Nuveen Ohio Dividend Advantage Municipal Fund 3
AMEX,NXM,Nuveen Pennsylvania Dividend Advantage Municipal Fund,NXM - Nuveen Pennsylvania Dividend Advantage Municipal Fund
AMEX,NVY,Nuveen Pennsylvania Dividend Advantage Municipal Fund 2,NVY - Nuveen Pennsylvania Dividend Advantage Municipal Fund 2
AMEX,NPN,Nuveen Pennsylvania Municipal Value Fund,NPN - Nuveen Pennsylvania Municipal Value Fund
AMEX,JRS,Nuveen Real Estate Fund,JRS - Nuveen Real Estate Fund
AMEX,JFP,Nuveen Tax-Advantaged Floating Rate Fund,JFP - Nuveen Tax-Advantaged Floating Rate Fund
AMEX,NGB,Nuveen Virginia Dividend Advantage Municipal Fund,NGB - Nuveen Virginia Dividend Advantage Municipal Fund
AMEX,NNB,Nuveen Virginia Dividend Advantage Municipal Fund 2,NNB - Nuveen Virginia Dividend Advantage Municipal Fund 2
AMEX,BQI,Oilsands Quest Inc,BQI - Oilsands Quest Inc
AMEX,OBT,Orbital Corporation Limited,OBT - Orbital Corporation Limited
AMEX,TIS,Orchids Paper Products Company,TIS - Orchids Paper Products Company
AMEX,ONP,Orient Paper Inc,ONP - Orient Paper Inc
AMEX,OESX,Orion Energy Systems Inc,OESX - Orion Energy Systems Inc
AMEX,OFI,Overhill Farms Inc,OFI - Overhill Farms Inc
AMEX,PHF,Pacholder High Yield Fund Inc,PHF - Pacholder High Yield Fund Inc
AMEX,PBM,Pacific Booker Minerals Inc,PBM - Pacific Booker Minerals Inc
AMEX,PCG^A,Pacific Gas and Electric Co,PCG^A - Pacific Gas and Electric Co
AMEX,PCG^B,Pacific Gas and Electric Co,PCG^B - Pacific Gas and Electric Co
AMEX,PCG^C,Pacific Gas and Electric Co,PCG^C - Pacific Gas and Electric Co
AMEX,PCG^D,Pacific Gas and Electric Co,PCG^D - Pacific Gas and Electric Co
AMEX,PCG^E,Pacific Gas and Electric Co,PCG^E - Pacific Gas and Electric Co
AMEX,PCG^G,Pacific Gas and Electric Co,PCG^G - Pacific Gas and Electric Co
AMEX,PCG^H,Pacific Gas and Electric Co,PCG^H - Pacific Gas and Electric Co
AMEX,PCG^I,Pacific Gas and Electric Co,PCG^I - Pacific Gas and Electric Co
AMEX,PPW^,PacifiCorp,PPW^ - PacifiCorp
AMEX,PTN,Palatin Technologies Inc,PTN - Palatin Technologies Inc
AMEX,PZG,Paramount Gold and Silver Corp,PZG - Paramount Gold and Silver Corp
AMEX,PCYG,Park City Group Inc,PCYG - Park City Group Inc
AMEX,PRK,Park National Corporation,PRK - Park National Corporation
AMEX,PTX,Pernix Therapeutics Holdings Inc,PTX - Pernix Therapeutics Holdings Inc
AMEX,PIP,PharmAthene Inc,PIP - PharmAthene Inc
AMEX,HNW,Pioneer Diversified High Income Trust,HNW - Pioneer Diversified High Income Trust
AMEX,PDC,Pioneer Drilling Co,PDC - Pioneer Drilling Co
AMEX,PLG,Platinum Group Metals Ltd,PLG - Platinum Group Metals Ltd
AMEX,PCC,PMC Commercial Trust,PCC - PMC Commercial Trust
AMEX,PLM,Polymet Mining Corp,PLM - Polymet Mining Corp
AMEX,PW,Power REIT,PW - Power REIT
AMEX,APTS,Preferred Apartment Communities Inc,APTS - Preferred Apartment Communities Inc
AMEX,PBTH,PROLOR Biotech Inc,PBTH - PROLOR Biotech Inc
AMEX,PLX,Protalix BioTherapeutics Inc,PLX - Protalix BioTherapeutics Inc
AMEX,PDO,Pyramid Oil Co,PDO - Pyramid Oil Co
AMEX,QMM,Quaterra Resources Inc,QMM - Quaterra Resources Inc
AMEX,QPSA,Quepasa Corporation,QPSA - Quepasa Corporation
AMEX,QRM,Quest Rare Minerals Ltd,QRM - Quest Rare Minerals Ltd
AMEX,RLGT,Radiant Logistics Inc,RLGT - Radiant Logistics Inc
AMEX,REE,Rare Element Resources Ltd,REE - Rare Element Resources Ltd
AMEX,UTG,Reaves Utility Income Fund,UTG - Reaves Utility Income Fund
AMEX,RWC,RELM Wireless Corporation,RWC - RELM Wireless Corporation
AMEX,RCG,Renaissance Capital Growth and Income Fund III Inc,RCG - Renaissance Capital Growth and Income Fund III Inc
AMEX,RTK,Rentech Inc,RTK - Rentech Inc
AMEX,RVP,Retractable Technologies Inc,RVP - Retractable Technologies Inc
AMEX,RVM,Revett Minerals Inc,RVM - Revett Minerals Inc
AMEX,RNN,Rexahn Pharmaceuticals Inc,RNN - Rexahn Pharmaceuticals Inc
AMEX,RIC,Richmont Mines Inc,RIC - Richmont Mines Inc
AMEX,RIF,RMR Real Estate Income Fund,RIF - RMR Real Estate Income Fund
AMEX,RPI,Roberts Realty Investors Inc,RPI - Roberts Realty Investors Inc
AMEX,RBY,Rubicon Minerals Corp,RBY - Rubicon Minerals Corp
AMEX,BQY,SandP Quality Rankings Glbl Equ Mngd Tr,BQY - SandP Quality Rankings Glbl Equ Mngd Tr
AMEX,SGA,Saga Communications Inc,SGA - Saga Communications Inc
AMEX,SAL,Salisbury Bancorp Inc,SAL - Salisbury Bancorp Inc
AMEX,SSN,Samson Oil and Gas Limited,SSN - Samson Oil and Gas Limited
AMEX,SDO^A,San Diego Gas and Electric Company,SDO^A - San Diego Gas and Electric Company
AMEX,SDO^B,San Diego Gas and Electric Company,SDO^B - San Diego Gas and Electric Company
AMEX,SDO^C,San Diego Gas and Electric Company,SDO^C - San Diego Gas and Electric Company
AMEX,SDO^H,San Diego Gas and Electric Company,SDO^H - San Diego Gas and Electric Company
AMEX,SARA,Saratoga Resources Inc,SARA - Saratoga Resources Inc
AMEX,SEB,Seaboard Corporation,SEB - Seaboard Corporation
AMEX,SA,Seabridge Gold Inc,SA - Seabridge Gold Inc
AMEX,IDI,SearchMedia Holdings Limited,IDI - SearchMedia Holdings Limited
AMEX,IDI U,SearchMedia Holdings Limited,IDI U - SearchMedia Holdings Limited
AMEX,IDI WS,SearchMedia Holdings Limited,IDI WS - SearchMedia Holdings Limited
AMEX,SED,SED International Holdings Inc,SED - SED International Holdings Inc
AMEX,SNT,Senesco Technologies Inc,SNT - Senesco Technologies Inc
AMEX,SVT,Servotronics Inc,SVT - Servotronics Inc
AMEX,SIF,SIFCO Industries Inc,SIF - SIFCO Industries Inc
AMEX,SVBL,Silver Bull Resources Inc,SVBL - Silver Bull Resources Inc
AMEX,WWZ^K,SiM Internal Test 10,WWZ^K - SiM Internal Test 10
AMEX,MMZ^K,SiM Internal Test 6,MMZ^K - SiM Internal Test 6
AMEX,OOZ^K,SiM Internal Test 7,OOZ^K - SiM Internal Test 7
AMEX,QQZ^K,SiM Internal Test 8,QQZ^K - SiM Internal Test 8
AMEX,SS^K,SiM Internal Test 9,SS^K - SiM Internal Test 9
AMEX,SIHI,SinoHub Inc,SIHI - SinoHub Inc
AMEX,SLI,SL Industries Inc,SLI - SL Industries Inc
AMEX,ZXX,SM Listed Test 3,ZXX - SM Listed Test 3
AMEX,ZXX^F,SM Listed Test 3,ZXX^F - SM Listed Test 3
AMEX,XPL,Solitario Exploration and Royalty Corp,XPL - Solitario Exploration and Royalty Corp
AMEX,SOQ,Sonde Resources Corp,SOQ - Sonde Resources Corp
AMEX,SCE^B,Southern California Edison Company,SCE^B - Southern California Edison Company
AMEX,SCE^C,Southern California Edison Company,SCE^C - Southern California Edison Company
AMEX,SCE^D,Southern California Edison Company,SCE^D - Southern California Edison Company
AMEX,SCE^E,Southern California Edison Company,SCE^E - Southern California Edison Company
AMEX,SSE,Southern Connecticut Bancorp Inc,SSE - Southern Connecticut Bancorp Inc
AMEX,SGB,Southwest Georgia Financial Corporation,SGB - Southwest Georgia Financial Corporation
AMEX,LOV,Spark Networks Inc,LOV - Spark Networks Inc
AMEX,SILU,Sprott Resource Lending Corp,SILU - Sprott Resource Lending Corp
AMEX,SGS,Stream Global Services Inc,SGS - Stream Global Services Inc
AMEX,SSY,SunLink Health Systems Inc,SSY - SunLink Health Systems Inc
AMEX,STS,Supreme Industries Inc,STS - Supreme Industries Inc
AMEX,SYRG,Synergy Resources Corporation,SYRG - Synergy Resources Corporation
AMEX,SYN,Synthetic Biologics Inc,SYN - Synthetic Biologics Inc
AMEX,TTTM,T3 Motion Inc,TTTM - T3 Motion Inc
AMEX,TTTM WS W,T3 Motion Inc,TTTM WS W - T3 Motion Inc
AMEX,TTTM WS Z,T3 Motion Inc,TTTM WS Z - T3 Motion Inc
AMEX,TLB WS,Talbots Inc (The),TLB WS - Talbots Inc (The)
AMEX,TRX,Tanzanian Royalty Exploration Corporation,TRX - Tanzanian Royalty Exploration Corporation
AMEX,TGB,Taseko Mines Limited,TGB - Taseko Mines Limited
AMEX,TAS,Tasman Metals Ltd,TAS - Tasman Metals Ltd
AMEX,TSH,Teche Holding Company,TSH - Teche Holding Company
AMEX,TIK,Tel-Instrument Electronics Corp,TIK - Tel-Instrument Electronics Corp
AMEX,TGC,Tengasco Inc,TGC - Tengasco Inc
AMEX,TF,Thai Capital Fund Inc,TF - Thai Capital Fund Inc
AMEX,TPI,Tianyin Pharmaceutical Co Inc,TPI - Tianyin Pharmaceutical Co Inc
AMEX,TLR,Timberline Resources Corporation,TLR - Timberline Resources Corporation
AMEX,TGD,Timmons Gold Corp,TGD - Timmons Gold Corp
AMEX,TOF,Tofutti Brands Inc,TOF - Tofutti Brands Inc
AMEX,TMP,Tompkins Financial Corporation,TMP - Tompkins Financial Corporation
AMEX,TAT,Transatlantic Petroleum Ltd,TAT - Transatlantic Petroleum Ltd
AMEX,TA,TravelCenters of America LLC,TA - TravelCenters of America LLC
AMEX,TPLM,Triangle Petroleum Corporation,TPLM - Triangle Petroleum Corporation
AMEX,TRT,Trio-Tech International,TRT - Trio-Tech International
AMEX,TIV,Tri-Valley Corporation,TIV - Tri-Valley Corporation
AMEX,TCX,Tucows Inc,TCX - Tucows Inc
AMEX,TWO WS,Two Harbors Investments Corp,TWO WS - Two Harbors Investments Corp
AMEX,HTM,US Geothermal Inc,HTM - US Geothermal Inc
AMEX,UVE,UNIVERSAL INSURANCE HOLDINGS INC,UVE - UNIVERSAL INSURANCE HOLDINGS INC
AMEX,UPG,Universal Power Group Inc,UPG - Universal Power Group Inc
AMEX,UUU,Universal Security Instruments Inc,UUU - Universal Security Instruments Inc
AMEX,UQM,UQM TECHNOLOGIES INC,UQM - UQM TECHNOLOGIES INC
AMEX,URG,Ur Energy Inc,URG - Ur Energy Inc
AMEX,URZ,Uranerz Energy Corporation,URZ - Uranerz Energy Corporation
AMEX,UEC,Uranium Energy Corp,UEC - Uranium Energy Corp
AMEX,VTG,Vantage Drilling Company,VTG - Vantage Drilling Company
AMEX,VSR,Versar Inc,VSR - Versar Inc
AMEX,VII,Vicon Industries Inc,VII - Vicon Industries Inc
AMEX,VHC,VirnetX Holding Corp,VHC - VirnetX Holding Corp
AMEX,VGZ,Vista Gold Corporation,VGZ - Vista Gold Corporation
AMEX,VOG,Voyager Oil and Gas Inc,VOG - Voyager Oil and Gas Inc
AMEX,VRNG,Vringo Inc,VRNG - Vringo Inc
AMEX,VRNG WS,Vringo Inc,VRNG WS - Vringo Inc
AMEX,WAC,Walter Investment Management Corp,WAC - Walter Investment Management Corp
AMEX,WSO B,Watsco Inc,WSO B - Watsco Inc
AMEX,EAD,Wells Fargo Advantage Income Opportunities Fund,EAD - Wells Fargo Advantage Income Opportunities Fund
AMEX,ERC,Wells Fargo Advantage Multi-Sector Income Fund,ERC - Wells Fargo Advantage Multi-Sector Income Fund
AMEX,ERH,Wells Fargo Advantage Utilities and High Income Fund,ERH - Wells Fargo Advantage Utilities and High Income Fund
AMEX,WGA,Wells-Gardner Electronics Corporation,WGA - Wells-Gardner Electronics Corporation
AMEX,SBI,Western Asset Intermediate Muni Fund Inc,SBI - Western Asset Intermediate Muni Fund Inc
AMEX,WRN,Western Copper and Gold Corporation,WRN - Western Copper and Gold Corporation
AMEX,RVR,White River Capital Inc,RVR - White River Capital Inc
AMEX,WSR,Whitestone REIT,WSR - Whitestone REIT
AMEX,WYY,WidePoint Corporation,WYY - WidePoint Corporation
AMEX,WMCO,Williams Controls Inc,WMCO - Williams Controls Inc
AMEX,WEX,Winland Electronics Inc,WEX - Winland Electronics Inc
AMEX,WTT,Wireless Telecom Group  Inc,WTT - Wireless Telecom Group  Inc
AMEX,WIS^,Wisconsin Power and Light Co,WIS^ - Wisconsin Power and Light Co
AMEX,WZE,WIZZARD SOFTWARE CORPORATION,WZE - WIZZARD SOFTWARE CORPORATION
AMEX,XPO,XPO Logistics Inc,XPO - XPO Logistics Inc
AMEX,YMI,YM BioSciences Inc,YMI - YM BioSciences Inc
AMEX,ZBB,ZBB Energy Corporation,ZBB - ZBB Energy Corporation
